article_url,title,publish_datetime,validation_flag,validation_notes
https://www.soozhu.com/article/514488/,2026.2.4河南省瘦肉型肉猪(110kg左右)价格,2026-02-04 10:30,missing_key_metrics,"missing:avg_price,last_year_price,mom_pct; yoy_pct_not_displayed_on_page"
https://www.soozhu.com/article/514444/,2026.2.3河南省瘦肉型肉猪(110kg左右)价格,2026-02-03 10:30,missing_key_metrics,"missing:avg_price,last_year_price,mom_pct; yoy_pct_not_displayed_on_page"
https://www.soozhu.com/article/514342/,2026.1.30河南省瘦肉型肉猪(110kg左右)价格,2026-01-30 10:30,missing_key_metrics,"missing:avg_price,last_year_price,mom_pct; yoy_pct_not_displayed_on_page"
https://www.soozhu.com/article/514294/,2026.1.29河南省瘦肉型肉猪(110kg左右)价格,2026-01-29 10:30,missing_key_metrics,"missing:avg_price,last_year_price,mom_pct; yoy_pct_not_displayed_on_page"
https://www.soozhu.com/article/514243/,2026.1.28河南省瘦肉型肉猪(110kg左右)价格,2026-01-28 10:30,missing_key_metrics,"missing:avg_price,last_year_price,mom_pct; yoy_pct_not_displayed_on_page"
https://www.soozhu.com/article/503489/,2025.2.14河南省瘦肉型肉猪(110kg左右)价格,2025-02-14 10:30,missing_key_metrics,"missing:avg_price,last_year_price,mom_pct; yoy_pct_not_displayed_on_page"
https://www.soozhu.com/article/503460/,2025.2.13河南省瘦肉型肉猪(110kg左右)价格,2025-02-13 10:30,missing_key_metrics,"missing:avg_price,last_year_price,mom_pct; yoy_pct_not_displayed_on_page"
https://www.soozhu.com/article/503385/,2025.2.11河南省瘦肉型肉猪(110kg左右)价格,2025-02-11 10:30,missing_key_metrics,"missing:avg_price,last_year_price,mom_pct; yoy_pct_not_displayed_on_page"
https://www.soozhu.com/article/503347/,2025.2.10河南省瘦肉型肉猪(110kg左右)价格,2025-02-10 10:31,missing_key_metrics,"missing:avg_price,last_year_price,mom_pct; yoy_pct_not_displayed_on_page"
https://www.soozhu.com/article/466565/,2023.2.6河南省瘦肉型肉猪(110kg左右)价格,2023-02-06 10:30,missing_key_metrics,"missing:avg_price,last_year_price,mom_pct; yoy_pct_not_displayed_on_page"
https://www.soozhu.com/article/466523/,2023.2.5河南省瘦肉型肉猪(110kg左右)价格,2023-02-05 10:30,missing_key_metrics,"missing:avg_price,last_year_price,mom_pct; yoy_pct_not_displayed_on_page"
https://www.soozhu.com/article/466435/,2023.2.3河南省瘦肉型肉猪(110kg左右)价格,2023-02-03 10:30,missing_key_metrics,"missing:avg_price,last_year_price,mom_pct; yoy_pct_not_displayed_on_page"
https://www.soozhu.com/article/466360/,2023.2.2河南省瘦肉型肉猪(110kg左右)价格,2023-02-02 10:30,missing_key_metrics,"missing:avg_price,last_year_price,mom_pct; yoy_pct_not_displayed_on_page"
https://www.soozhu.com/article/466263/,2023.2.1河南省瘦肉型肉猪(110kg左右)价格,2023-02-01 10:30,missing_key_metrics,"missing:avg_price,last_year_price,mom_pct; yoy_pct_not_displayed_on_page"
https://www.soozhu.com/article/466178/,2023.1.31河南省瘦肉型肉猪(110kg左右)价格,2023-01-31 10:30,missing_key_metrics,"missing:avg_price,last_year_price,mom_pct; yoy_pct_not_displayed_on_page"
https://www.soozhu.com/article/466089/,2023.1.30河南省瘦肉型肉猪(110kg左右)价格,2023-01-30 10:30,missing_key_metrics,"missing:avg_price,last_year_price,mom_pct; yoy_pct_not_displayed_on_page"
https://www.soozhu.com/article/466029/,2023.1.29河南省瘦肉型肉猪(110kg左右)价格,2023-01-29 10:30,missing_key_metrics,"missing:avg_price,last_year_price,mom_pct; yoy_pct_not_displayed_on_page"
https://www.soozhu.com/article/435982/,2021.10.6河南省瘦肉型肉猪(110kg左右)价格,2021-10-06 10:30,missing_key_metrics,"missing:avg_price,last_year_price,mom_pct; yoy_pct_not_displayed_on_page"
https://www.soozhu.com/article/435939/,2021.10.5河南省瘦肉型肉猪(110kg左右)价格,2021-10-05 10:30,missing_key_metrics,"missing:avg_price,last_year_price,mom_pct; yoy_pct_not_displayed_on_page"
https://www.soozhu.com/article/435895/,2021.10.4河南省瘦肉型肉猪(110kg左右)价格,2021-10-04 10:30,missing_key_metrics,"missing:avg_price,last_year_price,mom_pct; yoy_pct_not_displayed_on_page"
https://www.soozhu.com/article/435856/,2021.10.3河南省瘦肉型肉猪(110kg左右)价格,2021-10-03 10:30,missing_key_metrics,"missing:avg_price,last_year_price,mom_pct; yoy_pct_not_displayed_on_page"
https://www.soozhu.com/article/435802/,2021.10.2河南省瘦肉型肉猪(110kg左右)价格,2021-10-02 10:30,missing_key_metrics,"missing:avg_price,last_year_price,mom_pct; yoy_pct_not_displayed_on_page"
https://www.soozhu.com/article/431557/,2021.8.13河南省瘦肉型肉猪(110kg左右)价格,2021-08-13 10:30,missing_key_metrics,"missing:avg_price,last_year_price,mom_pct; yoy_pct_not_displayed_on_page"
https://www.soozhu.com/article/431289/,2021.8.10河南省瘦肉型肉猪(110kg左右)价格,2021-08-10 10:30,missing_key_metrics,"missing:avg_price,last_year_price,mom_pct; yoy_pct_not_displayed_on_page"
https://www.soozhu.com/article/425322/,2021.5.30河南省瘦肉型肉猪(110kg左右)价格,2021-05-30 10:30,missing_key_metrics,"missing:avg_price,last_year_price,mom_pct; yoy_pct_not_displayed_on_page"
https://www.soozhu.com/article/417843/,2021.2.15河南省瘦肉型肉猪(110kg左右)价格,2021-02-15 10:30,missing_key_metrics,"missing:avg_price,last_year_price,mom_pct; yoy_pct_not_displayed_on_page"
https://www.soozhu.com/article/417544/,2021.2.9河南省瘦肉型肉猪(110kg左右)价格,2021-02-09 10:30,missing_key_metrics,"missing:avg_price,last_year_price,mom_pct; yoy_pct_not_displayed_on_page"
https://www.soozhu.com/article/417498/,2021.2.8河南省瘦肉型肉猪(110kg左右)价格,2021-02-08 10:30,missing_key_metrics,"missing:avg_price,last_year_price,mom_pct; yoy_pct_not_displayed_on_page"
https://www.soozhu.com/article/417239/,2021.2.4河南省瘦肉型肉猪(110kg左右)价格,2021-02-04 10:30,missing_key_metrics,"missing:avg_price,last_year_price,mom_pct; yoy_pct_not_displayed_on_page"
https://www.soozhu.com/article/417156/,2021.2.3河南省瘦肉型肉猪(110kg左右)价格,2021-02-03 10:30,missing_key_metrics,"missing:avg_price,last_year_price,mom_pct; yoy_pct_not_displayed_on_page"
https://www.soozhu.com/article/417068/,2021.2.2河南省瘦肉型肉猪(110kg左右)价格,2021-02-02 10:30,missing_key_metrics,"missing:avg_price,last_year_price,mom_pct; yoy_pct_not_displayed_on_page"
https://www.soozhu.com/article/416976/,2021.2.1河南省瘦肉型肉猪(110kg左右)价格,2021-02-01 10:30,missing_key_metrics,"missing:avg_price,last_year_price,mom_pct; yoy_pct_not_displayed_on_page"
https://www.soozhu.com/article/416820/,2021.1.29河南省瘦肉型肉猪(110kg左右)价格,2021-01-29 10:30,missing_key_metrics,"missing:avg_price,last_year_price,mom_pct; yoy_pct_not_displayed_on_page"
https://www.soozhu.com/article/416786/,2021.1.28河南省瘦肉型肉猪(110kg左右)价格,2021-01-28 10:30,missing_key_metrics,"missing:avg_price,last_year_price,mom_pct; yoy_pct_not_displayed_on_page"
https://www.soozhu.com/article/416531/,2021.1.25河南省瘦肉型肉猪(110kg左右)价格,2021-01-25 10:30,missing_key_metrics,"missing:avg_price,last_year_price,mom_pct; yoy_pct_not_displayed_on_page"
https://www.soozhu.com/article/411338/,2020.11.9河南省瘦肉型肉猪(110kg左右)价格,2020-11-09 10:30,missing_key_metrics,"missing:avg_price,last_year_price,mom_pct; yoy_pct_not_displayed_on_page"
https://www.soozhu.com/article/385673/,2019.9.27河南省瘦肉型肉猪(110kg左右)价格,2019-09-27 10:30,missing_key_metrics,"missing:avg_price,last_year_price,mom_pct; yoy_pct_not_displayed_on_page"
https://www.soozhu.com/article/385594/,2019.9.26河南省瘦肉型肉猪(110kg左右)价格,2019-09-26 10:30,missing_key_metrics,"missing:avg_price,last_year_price,mom_pct; yoy_pct_not_displayed_on_page"
https://www.soozhu.com/article/385277/,2019.9.23河南省瘦肉型肉猪(110kg左右)价格,2019-09-23 10:31,missing_key_metrics,"missing:avg_price,last_year_price,mom_pct; yoy_pct_not_displayed_on_page"
https://www.soozhu.com/article/385094/,2019.9.20河南省瘦肉型肉猪(110kg左右)价格,2019-09-20 10:30,missing_key_metrics,"missing:avg_price,last_year_price,mom_pct; yoy_pct_not_displayed_on_page"
https://www.soozhu.com/article/384991/,2019.9.19河南省瘦肉型肉猪(110kg左右)价格,2019-09-19 10:30,missing_key_metrics,"missing:avg_price,last_year_price,mom_pct; yoy_pct_not_displayed_on_page"
https://www.soozhu.com/article/382672/,2019.8.21河南省瘦肉型肉猪(110kg左右)价格,2019-08-21 10:30,missing_key_metrics,"missing:avg_price,last_year_price,mom_pct; yoy_pct_not_displayed_on_page"
https://www.soozhu.com/article/382361/,2019.8.16河南省瘦肉型肉猪(110kg左右)价格,2019-08-16 10:30,missing_key_metrics,"missing:avg_price,last_year_price,mom_pct; yoy_pct_not_displayed_on_page"
https://www.soozhu.com/article/381227/,2019.7.31河南省瘦肉型肉猪(110kg左右)价格,2019-07-31 10:30,missing_key_metrics,"missing:avg_price,last_year_price,mom_pct; yoy_pct_not_displayed_on_page"
https://www.soozhu.com/article/375993/,2019.5.20河南省瘦肉型肉猪(110kg左右)价格,2019-05-20 10:30,missing_key_metrics,"missing:avg_price,last_year_price,mom_pct; yoy_pct_not_displayed_on_page"
https://www.soozhu.com/article/374822/,2019.5.5河南省瘦肉型肉猪(110kg左右)价格,2019-05-05 10:30,missing_key_metrics,"missing:avg_price,last_year_price,mom_pct; yoy_pct_not_displayed_on_page"
https://www.soozhu.com/article/372774/,2019.4.3河南省瘦肉型肉猪(110kg左右)价格,2019-04-03 10:30,missing_key_metrics,"missing:avg_price,last_year_price,mom_pct; yoy_pct_not_displayed_on_page"
https://www.soozhu.com/article/372463/,2019.3.30河南省瘦肉型肉猪(110kg左右)价格,2019-03-30 10:30,missing_key_metrics,"missing:avg_price,last_year_price,mom_pct; yoy_pct_not_displayed_on_page"
https://www.soozhu.com/article/372350/,2019.3.28河南省瘦肉型肉猪(110kg左右)价格,2019-03-28 10:30,missing_key_metrics,"missing:avg_price,last_year_price,mom_pct; yoy_pct_not_displayed_on_page"
https://www.soozhu.com/article/372269/,2019.3.27河南省瘦肉型肉猪(110kg左右)价格,2019-03-27 10:30,missing_key_metrics,"missing:avg_price,last_year_price,mom_pct; yoy_pct_not_displayed_on_page"
https://www.soozhu.com/article/372162/,2019.3.26河南省瘦肉型肉猪(110kg左右)价格,2019-03-26 10:30,missing_key_metrics,"missing:avg_price,last_year_price,mom_pct; yoy_pct_not_displayed_on_page"
https://www.soozhu.com/article/372009/,2019.3.24河南省瘦肉型肉猪(110kg左右)价格,2019-03-24 10:30,missing_key_metrics,"missing:avg_price,last_year_price,mom_pct; yoy_pct_not_displayed_on_page"
https://www.soozhu.com/article/371482/,2019.3.16河南省瘦肉型肉猪(110kg左右)价格,2019-03-16 10:30,missing_key_metrics,"missing:avg_price,last_year_price,mom_pct; yoy_pct_not_displayed_on_page"
https://www.soozhu.com/article/370842/,2019.3.7河南省瘦肉型肉猪(110kg左右)价格,2019-03-07 10:30,missing_key_metrics,"missing:avg_price,last_year_price,mom_pct; yoy_pct_not_displayed_on_page"
https://www.soozhu.com/article/370768/,2019.3.6河南省瘦肉型肉猪(110kg左右)价格,2019-03-06 10:30,missing_key_metrics,"missing:avg_price,last_year_price,mom_pct; yoy_pct_not_displayed_on_page"
https://www.soozhu.com/article/370547/,2019.3.3河南省瘦肉型肉猪(110kg左右)价格,2019-03-03 10:30,missing_key_metrics,"missing:avg_price,last_year_price,mom_pct; yoy_pct_not_displayed_on_page"
https://www.soozhu.com/article/370521/,2019.3.2河南省瘦肉型肉猪(110kg左右)价格,2019-03-02 10:30,missing_key_metrics,"missing:avg_price,last_year_price,mom_pct; yoy_pct_not_displayed_on_page"
https://www.soozhu.com/article/370292/,2019.2.27河南省瘦肉型肉猪(110kg左右)价格,2019-02-27 10:30,missing_key_metrics,"missing:avg_price,last_year_price,mom_pct; yoy_pct_not_displayed_on_page"
https://www.soozhu.com/article/370201/,2019.2.26河南省瘦肉型肉猪(110kg左右)价格,2019-02-26 10:30,missing_key_metrics,"missing:avg_price,last_year_price,mom_pct; yoy_pct_not_displayed_on_page"
https://www.soozhu.com/article/369838/,2019.2.21河南省瘦肉型肉猪(110kg左右)价格,2019-02-21 10:30,missing_key_metrics,"missing:avg_price,last_year_price,mom_pct; yoy_pct_not_displayed_on_page"
https://www.soozhu.com/article/369604/,2019.2.19河南省瘦肉型肉猪(110kg左右)价格,2019-02-19 10:30,missing_key_metrics,"missing:avg_price,last_year_price,mom_pct; yoy_pct_not_displayed_on_page"
https://www.soozhu.com/article/369540/,2019.2.18河南省瘦肉型肉猪(110kg左右)价格,2019-02-18 10:30,missing_key_metrics,"missing:avg_price,last_year_price,mom_pct; yoy_pct_not_displayed_on_page"
https://www.soozhu.com/article/369476/,2019.2.16河南省瘦肉型肉猪(110kg左右)价格,2019-02-16 10:30,missing_key_metrics,"missing:avg_price,last_year_price,mom_pct; yoy_pct_not_displayed_on_page"
https://www.soozhu.com/article/369416/,2019.2.15河南省瘦肉型肉猪(110kg左右)价格,2019-02-15 10:30,missing_key_metrics,"missing:avg_price,last_year_price,mom_pct; yoy_pct_not_displayed_on_page"
https://www.soozhu.com/article/368985/,2019.2.4河南省瘦肉型肉猪(110kg左右)价格,2019-02-04 10:31,missing_key_metrics,"missing:avg_price,last_year_price,mom_pct; yoy_pct_not_displayed_on_page"
https://www.soozhu.com/article/368934/,2019.2.2河南省瘦肉型肉猪(110kg左右)价格,2019-02-02 10:30,missing_key_metrics,"missing:avg_price,last_year_price,mom_pct; yoy_pct_not_displayed_on_page"
https://www.soozhu.com/article/368905/,2019.2.1河南省瘦肉型肉猪(110kg左右)价格,2019-02-01 10:30,missing_key_metrics,"missing:avg_price,last_year_price,mom_pct; yoy_pct_not_displayed_on_page"
https://www.soozhu.com/article/368680/,2019.1.28河南省瘦肉型肉猪(110kg左右)价格,2019-01-28 10:30,missing_key_metrics,"missing:avg_price,last_year_price,mom_pct; yoy_pct_not_displayed_on_page"
https://www.soozhu.com/article/368571/,2019.1.25河南省瘦肉型肉猪(110kg左右)价格,2019-01-25 10:30,missing_key_metrics,"missing:avg_price,last_year_price,mom_pct; yoy_pct_not_displayed_on_page"
https://www.soozhu.com/article/368341/,2019.1.21河南省瘦肉型肉猪(110kg左右)价格,2019-01-21 10:30,missing_key_metrics,"missing:avg_price,last_year_price,mom_pct; yoy_pct_not_displayed_on_page"
https://www.soozhu.com/article/368302/,2019.1.20河南省瘦肉型肉猪(110kg左右)价格,2019-01-20 10:30,missing_key_metrics,"missing:avg_price,last_year_price,mom_pct; yoy_pct_not_displayed_on_page"
https://www.soozhu.com/article/368268/,2019.1.19河南省瘦肉型肉猪(110kg左右)价格,2019-01-19 10:31,missing_key_metrics,"missing:avg_price,last_year_price,mom_pct; yoy_pct_not_displayed_on_page"
https://www.soozhu.com/article/367814/,2019.1.13河南省瘦肉型肉猪(110kg左右)价格,2019-01-13 10:30,missing_key_metrics,"missing:avg_price,last_year_price,mom_pct; yoy_pct_not_displayed_on_page"
https://www.soozhu.com/article/367658/,2019.1.10河南省瘦肉型肉猪(110kg左右)价格,2019-01-10 10:30,missing_key_metrics,"missing:avg_price,last_year_price,mom_pct; yoy_pct_not_displayed_on_page"
https://www.soozhu.com/article/367367/,2019.1.6河南省瘦肉型肉猪(110kg左右)价格,2019-01-06 10:30,missing_key_metrics,"missing:avg_price,last_year_price,mom_pct; yoy_pct_not_displayed_on_page"
https://www.soozhu.com/article/367326/,2019.1.5河南省瘦肉型肉猪(110kg左右)价格,2019-01-05 10:30,missing_key_metrics,"missing:avg_price,last_year_price,mom_pct; yoy_pct_not_displayed_on_page"
https://www.soozhu.com/article/367141/,2019.1.3河南省瘦肉型肉猪(110kg左右)价格,2019-01-03 10:30,missing_key_metrics,"missing:avg_price,last_year_price,mom_pct; yoy_pct_not_displayed_on_page"
https://www.soozhu.com/article/366976/,2019.1.1河南省瘦肉型肉猪(110kg左右)价格,2019-01-01 10:30,missing_key_metrics,"missing:avg_price,last_year_price,mom_pct; yoy_pct_not_displayed_on_page"
https://www.soozhu.com/article/366889/,2018.12.30河南省瘦肉型肉猪(110kg左右)价格,2018-12-30 10:30,missing_key_metrics,"missing:avg_price,last_year_price,mom_pct; yoy_pct_not_displayed_on_page"
https://www.soozhu.com/article/366836/,2018.12.29河南省瘦肉型肉猪(110kg左右)价格,2018-12-29 10:30,missing_key_metrics,"missing:avg_price,last_year_price,mom_pct; yoy_pct_not_displayed_on_page"
https://www.soozhu.com/article/366213/,2018.12.22河南省瘦肉型肉猪(110kg左右)价格,2018-12-22 10:30,missing_key_metrics,"missing:avg_price,last_year_price,mom_pct; yoy_pct_not_displayed_on_page"
https://www.soozhu.com/article/365621/,2018.12.16河南省瘦肉型肉猪(110kg左右)价格,2018-12-16 10:30,missing_key_metrics,"missing:avg_price,last_year_price,mom_pct; yoy_pct_not_displayed_on_page"
https://www.soozhu.com/article/365181/,2018.12.10河南省瘦肉型肉猪(110kg左右)价格,2018-12-10 10:30,missing_key_metrics,"missing:avg_price,last_year_price,mom_pct; yoy_pct_not_displayed_on_page"
https://www.soozhu.com/article/364630/,2018.12.3河南省瘦肉型肉猪(110kg左右)价格,2018-12-03 10:30,missing_key_metrics,"missing:avg_price,last_year_price,mom_pct; yoy_pct_not_displayed_on_page"
https://www.soozhu.com/article/364564/,2018.12.2河南省瘦肉型肉猪(110kg左右)价格,2018-12-02 10:30,missing_key_metrics,"missing:avg_price,last_year_price,mom_pct; yoy_pct_not_displayed_on_page"
https://www.soozhu.com/article/364508/,2018.12.1河南省瘦肉型肉猪(110kg左右)价格,2018-12-01 10:30,missing_key_metrics,"missing:avg_price,last_year_price,mom_pct; yoy_pct_not_displayed_on_page"
https://www.soozhu.com/article/364445/,2018.11.30河南省瘦肉型肉猪(110kg左右)价格,2018-11-30 10:31,missing_key_metrics,"missing:avg_price,last_year_price,mom_pct; yoy_pct_not_displayed_on_page"
https://www.soozhu.com/article/364348/,2018.11.29河南省瘦肉型肉猪(110kg左右)价格,2018-11-29 10:30,missing_key_metrics,"missing:avg_price,last_year_price,mom_pct; yoy_pct_not_displayed_on_page"
https://www.soozhu.com/article/363824/,2018.11.23河南省瘦肉型肉猪(110kg左右)价格,2018-11-23 10:31,missing_key_metrics,"missing:avg_price,last_year_price,mom_pct; yoy_pct_not_displayed_on_page"
https://www.soozhu.com/article/363363/,2018.11.19河南省瘦肉型肉猪(110kg左右)价格,2018-11-19 10:31,missing_key_metrics,"missing:avg_price,last_year_price,mom_pct; yoy_pct_not_displayed_on_page"
https://www.soozhu.com/article/363245/,2018.11.17河南省瘦肉型肉猪(110kg左右)价格,2018-11-17 10:30,missing_key_metrics,"missing:avg_price,last_year_price,mom_pct; yoy_pct_not_displayed_on_page"
https://www.soozhu.com/article/363182/,2018.11.16河南省瘦肉型肉猪(110kg左右)价格,2018-11-16 10:30,missing_key_metrics,"missing:avg_price,last_year_price,mom_pct; yoy_pct_not_displayed_on_page"
https://www.soozhu.com/article/363052/,2018.11.15河南省瘦肉型肉猪(110kg左右)价格,2018-11-15 10:30,missing_key_metrics,"missing:avg_price,last_year_price,mom_pct; yoy_pct_not_displayed_on_page"
https://www.soozhu.com/article/362552/,2018.11.11河南省瘦肉型肉猪(110kg左右)价格,2018-11-11 10:31,missing_key_metrics,"missing:avg_price,last_year_price,mom_pct; yoy_pct_not_displayed_on_page"
https://www.soozhu.com/article/362491/,2018.11.10河南省瘦肉型肉猪(110kg左右)价格,2018-11-10 10:31,missing_key_metrics,"missing:avg_price,last_year_price,mom_pct; yoy_pct_not_displayed_on_page"
https://www.soozhu.com/article/362121/,2018.11.7河南省瘦肉型肉猪(110kg左右)价格,2018-11-07 10:30,missing_key_metrics,"missing:avg_price,last_year_price,mom_pct; yoy_pct_not_displayed_on_page"
https://www.soozhu.com/article/361818/,2018.11.5河南省瘦肉型肉猪(110kg左右)价格,2018-11-05 10:30,missing_key_metrics,"missing:avg_price,last_year_price,mom_pct; yoy_pct_not_displayed_on_page"
https://www.soozhu.com/article/361722/,2018.11.4河南省瘦肉型肉猪(110kg左右)价格,2018-11-04 10:30,missing_key_metrics,"missing:avg_price,last_year_price,mom_pct; yoy_pct_not_displayed_on_page"
https://www.soozhu.com/article/361608/,2018.11.2河南省瘦肉型肉猪(110kg左右)价格,2018-11-02 10:30,missing_key_metrics,"missing:avg_price,last_year_price,mom_pct; yoy_pct_not_displayed_on_page"
https://www.soozhu.com/article/361474/,2018.11.1河南省瘦肉型肉猪(110kg左右)价格,2018-11-01 10:30,missing_key_metrics,"missing:avg_price,last_year_price,mom_pct; yoy_pct_not_displayed_on_page"
https://www.soozhu.com/article/361349/,2018.10.31河南省瘦肉型肉猪(110kg左右)价格,2018-10-31 10:30,missing_key_metrics,"missing:avg_price,last_year_price,mom_pct; yoy_pct_not_displayed_on_page"
https://www.soozhu.com/article/360967/,2018.10.28河南省瘦肉型肉猪(110kg左右)价格,2018-10-28 10:31,missing_key_metrics,"missing:avg_price,last_year_price,mom_pct; yoy_pct_not_displayed_on_page"
https://www.soozhu.com/article/360630/,2018.10.24河南省瘦肉型肉猪(110kg左右)价格,2018-10-24 10:30,missing_key_metrics,"missing:avg_price,last_year_price,mom_pct; yoy_pct_not_displayed_on_page"
https://www.soozhu.com/article/360513/,2018.10.23河南省瘦肉型肉猪(110kg左右)价格,2018-10-23 10:30,missing_key_metrics,"missing:avg_price,last_year_price,mom_pct; yoy_pct_not_displayed_on_page"
https://www.soozhu.com/article/354139/,2018.8.2河南省瘦肉型肉猪(110kg左右)价格,2018-08-02 10:30,missing_key_metrics,"missing:avg_price,last_year_price,mom_pct; yoy_pct_not_displayed_on_page"
https://www.soozhu.com/article/353585/,2018.7.24河南省瘦肉型肉猪(110kg左右)价格,2018-07-24 10:30,missing_key_metrics,"missing:avg_price,last_year_price,mom_pct; yoy_pct_not_displayed_on_page"
https://www.soozhu.com/article/353383/,2018.7.21河南省瘦肉型肉猪(110kg左右)价格,2018-07-21 10:31,missing_key_metrics,"missing:avg_price,last_year_price,mom_pct; yoy_pct_not_displayed_on_page"
https://www.soozhu.com/article/351514/,2018.6.27河南省瘦肉型肉猪(110kg左右)价格,2018-06-27 10:30,missing_key_metrics,"missing:avg_price,last_year_price,mom_pct; yoy_pct_not_displayed_on_page"
https://www.soozhu.com/article/346856/,2018.4.30河南省瘦肉型肉猪(110kg左右)价格,2018-04-30 10:30,missing_key_metrics,"missing:avg_price,last_year_price,mom_pct; yoy_pct_not_displayed_on_page"
https://www.soozhu.com/article/339386/,2018.1.30河南省瘦肉型肉猪(110kg左右)价格,2018-01-30 10:30,missing_key_metrics,"missing:avg_price,last_year_price,mom_pct; yoy_pct_not_displayed_on_page"
https://www.soozhu.com/article/339268/,2018.1.29河南省瘦肉型肉猪(110kg左右)价格,2018-01-29 10:30,missing_key_metrics,"missing:avg_price,last_year_price,mom_pct; yoy_pct_not_displayed_on_page"
https://www.soozhu.com/article/339179/,2018.1.27河南省瘦肉型肉猪(110kg左右)价格,2018-01-27 10:30,missing_key_metrics,"missing:avg_price,last_year_price,mom_pct; yoy_pct_not_displayed_on_page"
https://www.soozhu.com/article/338665/,2018.1.22河南省瘦肉型肉猪(110kg左右)价格,2018-01-22 10:30,missing_key_metrics,"missing:avg_price,last_year_price,mom_pct; yoy_pct_not_displayed_on_page"
https://www.soozhu.com/article/326314/,2017.9.15河南省瘦肉型肉猪(110kg左右)价格,2017-09-15 10:30,missing_key_metrics,"missing:avg_price,last_year_price,mom_pct; yoy_pct_not_displayed_on_page"
https://www.soozhu.com/article/319941/,2017.7.9河南省瘦肉型肉猪(110kg左右)价格,2017-07-09 10:30,missing_key_metrics,"missing:avg_price,last_year_price,mom_pct; yoy_pct_not_displayed_on_page"
https://www.soozhu.com/article/318614/,2017.6.26河南省瘦肉型肉猪(110kg左右)价格,2017-06-26 10:30,missing_key_metrics,"missing:avg_price,last_year_price,mom_pct; yoy_pct_not_displayed_on_page"
https://www.soozhu.com/article/317697/,2017.6.18河南省瘦肉型肉猪(110kg左右)价格,2017-06-18 10:30,missing_key_metrics,"missing:avg_price,last_year_price,mom_pct; yoy_pct_not_displayed_on_page"
https://www.soozhu.com/article/315553/,2017.5.28河南省瘦肉型肉猪(110kg左右)价格,2017-05-28 10:30,missing_key_metrics,"missing:avg_price,last_year_price,mom_pct; yoy_pct_not_displayed_on_page"
https://www.soozhu.com/article/314610/,2017.5.21河南省瘦肉型肉猪(110kg左右)价格,2017-05-21 10:30,missing_key_metrics,"missing:avg_price,last_year_price,mom_pct; yoy_pct_not_displayed_on_page"
https://www.soozhu.com/article/314155/,2017.5.15河南省瘦肉型肉猪(110kg左右)价格,2017-05-15 10:30,missing_key_metrics,"missing:avg_price,last_year_price,mom_pct; yoy_pct_not_displayed_on_page"
https://www.soozhu.com/article/304198/,2017.2.15河南省瘦肉型肉猪(110kg左右)价格,2017-02-15 10:31,missing_key_metrics,"missing:avg_price,last_year_price,mom_pct; yoy_pct_not_displayed_on_page"
https://www.soozhu.com/article/304077/,2017.2.14河南省瘦肉型肉猪(110kg左右)价格,2017-02-14 10:31,missing_key_metrics,"missing:avg_price,last_year_price,mom_pct; yoy_pct_not_displayed_on_page"
https://www.soozhu.com/article/303366/,2017.2.6河南省瘦肉型肉猪(110kg左右)价格,2017-02-06 10:30,missing_key_metrics,"missing:avg_price,last_year_price,mom_pct; yoy_pct_not_displayed_on_page"
https://www.soozhu.com/article/288285/,2016.9.18河南省瘦肉型肉猪(110kg左右)价格,2016-09-18 10:30,missing_key_metrics,"missing:avg_price,last_year_price,mom_pct; yoy_pct_not_displayed_on_page"
