article_url,title,publish_date,week_label,collect_date,hog_price,hog_price_unit,corn_price,corn_price_unit,soymeal_price,soymeal_price_unit,piglet_price,piglet_price_unit,mixed_feed_price,mixed_feed_price_unit,parsing_method,raw_text_path,raw_html_path,validation_flag,validation_notes
https://www.agri.cn/sj/jcyj/202604/t20260409_8826713.htm,4月第1周畜产品和饲料集贸市场价格情况,2026-04-08,4月第1周,2026-04-02,10.4,元/公斤,2.5,元/公斤,3.44,元/公斤,24.56,元/公斤,3.41,元/公斤,table,data/raw/agri_weekly_articles/article_text/2026-04-08_t20260409_8826713.txt,data/raw/agri_weekly_articles/article_html/2026-04-08_t20260409_8826713.html,ok,
https://www.agri.cn/sj/jcyj/202603/t20260331_8824213.htm,3月第4周畜产品和饲料集贸市场价格情况,2026-03-31,3月第4周,2026-03-26,10.68,元/公斤,2.5,元/公斤,3.46,元/公斤,25.42,元/公斤,3.41,元/公斤,table,data/raw/agri_weekly_articles/article_text/2026-03-31_t20260331_8824213.txt,data/raw/agri_weekly_articles/article_html/2026-03-31_t20260331_8824213.html,ok,
https://www.agri.cn/sj/jcyj/202603/t20260331_8824196.htm,3月第3周畜产品和饲料集贸市场价格情况,2026-03-24,3月第3周,2026-03-19,11.05,元/公斤,2.49,元/公斤,3.44,元/公斤,26.2,元/公斤,3.4,元/公斤,table,data/raw/agri_weekly_articles/article_text/2026-03-24_t20260331_8824196.txt,data/raw/agri_weekly_articles/article_html/2026-03-24_t20260331_8824196.html,ok,
https://www.agri.cn/sj/jcyj/202603/t20260325_8822391.htm,3月第2周畜产品和饲料集贸市场价格情况,2026-03-17,3月第2周,2026-03-12,11.38,元/公斤,2.47,元/公斤,3.38,元/公斤,26.9,元/公斤,3.39,元/公斤,table,data/raw/agri_weekly_articles/article_text/2026-03-17_t20260325_8822391.txt,data/raw/agri_weekly_articles/article_html/2026-03-17_t20260325_8822391.html,ok,
https://www.agri.cn/sj/jcyj/202603/t20260311_8818065.htm,3月第1周畜产品和饲料集贸市场价格情况,2026-03-10,3月第1周,,11.89,元/公斤,2.45,元/公斤,3.32,元/公斤,27.44,元/公斤,3.38,元/公斤,table,data/raw/agri_weekly_articles/article_text/2026-03-10_t20260311_8818065.txt,data/raw/agri_weekly_articles/article_html/2026-03-10_t20260311_8818065.html,ok,collect_date_missing
https://www.agri.cn/sj/jcyj/202603/t20260304_8816352.htm,2月第4周畜产品和饲料集贸市场价格情况,2026-03-03,2月第4周,,12.45,元/公斤,2.45,元/公斤,3.32,元/公斤,27.67,元/公斤,3.37,元/公斤,table,data/raw/agri_weekly_articles/article_text/2026-03-03_t20260304_8816352.txt,data/raw/agri_weekly_articles/article_html/2026-03-03_t20260304_8816352.html,ok,collect_date_missing
https://www.agri.cn/sj/jcyj/202603/t20260304_8816351.htm,2月第3周畜产品和饲料集贸市场价格情况,2026-02-27,2月第3周,,12.62,元/公斤,2.45,元/公斤,3.32,元/公斤,27.64,元/公斤,3.37,元/公斤,table,data/raw/agri_weekly_articles/article_text/2026-02-27_t20260304_8816351.txt,data/raw/agri_weekly_articles/article_html/2026-02-27_t20260304_8816351.html,ok,collect_date_missing
https://www.agri.cn/sj/jcyj/202602/t20260227_8814889.htm,2月第2周畜产品和饲料集贸市场价格情况,2026-02-25,2月第2周,,12.94,元/公斤,2.45,元/公斤,3.33,元/公斤,27.56,元/公斤,3.37,元/公斤,table,data/raw/agri_weekly_articles/article_text/2026-02-25_t20260227_8814889.txt,data/raw/agri_weekly_articles/article_html/2026-02-25_t20260227_8814889.html,ok,collect_date_missing
https://www.agri.cn/sj/jcyj/202602/t20260211_8811925.htm,2月第1周畜产品和饲料集贸市场价格情况,2026-02-10,2月第1周,,13.27,元/公斤,2.45,元/公斤,3.33,元/公斤,27.39,元/公斤,3.37,元/公斤,table,data/raw/agri_weekly_articles/article_text/2026-02-10_t20260211_8811925.txt,data/raw/agri_weekly_articles/article_html/2026-02-10_t20260211_8811925.html,ok,collect_date_missing
https://www.agri.cn/sj/jcyj/202602/t20260204_8809558.htm,1月第5周畜产品和饲料集贸市场价格情况,2026-02-03,1月第5周,,13.43,元/公斤,2.45,元/公斤,3.34,元/公斤,26.87,元/公斤,3.37,元/公斤,table,data/raw/agri_weekly_articles/article_text/2026-02-03_t20260204_8809558.txt,data/raw/agri_weekly_articles/article_html/2026-02-03_t20260204_8809558.html,ok,collect_date_missing
https://www.agri.cn/sj/jcyj/202601/t20260127_8806877.htm,1月第4周畜产品和饲料集贸市场价格情况,2026-01-27,1月第4周,,13.39,元/公斤,2.44,元/公斤,3.33,元/公斤,25.96,元/公斤,3.37,元/公斤,table,data/raw/agri_weekly_articles/article_text/2026-01-27_t20260127_8806877.txt,data/raw/agri_weekly_articles/article_html/2026-01-27_t20260127_8806877.html,ok,collect_date_missing
https://www.agri.cn/sj/jcyj/202601/t20260116_8803356.htm,1月第2周畜产品和饲料集贸市场价格情况,2026-01-13,1月第2周,,12.84,元/公斤,2.43,元/公斤,3.32,元/公斤,23.83,元/公斤,3.36,元/公斤,table,data/raw/agri_weekly_articles/article_text/2026-01-13_t20260116_8803356.txt,data/raw/agri_weekly_articles/article_html/2026-01-13_t20260116_8803356.html,ok,collect_date_missing
https://www.agri.cn/sj/jcyj/202601/t20260108_8801340.htm,1月第1周畜产品和饲料集贸市场价格情况,2026-01-06,1月第1周,,12.61,元/公斤,2.44,元/公斤,3.31,元/公斤,23.45,元/公斤,3.36,元/公斤,table,data/raw/agri_weekly_articles/article_text/2026-01-06_t20260108_8801340.txt,data/raw/agri_weekly_articles/article_html/2026-01-06_t20260108_8801340.html,ok,collect_date_missing
https://www.agri.cn/sj/jcyj/202512/t20251225_8797450.htm,12月第3周畜产品和饲料集贸市场价格情况,2025-12-23,12月第3周,,12.16,元/公斤,2.43,元/公斤,3.3,元/公斤,23.28,元/公斤,3.36,元/公斤,table,data/raw/agri_weekly_articles/article_text/2025-12-23_t20251225_8797450.txt,data/raw/agri_weekly_articles/article_html/2025-12-23_t20251225_8797450.html,ok,collect_date_missing
https://www.agri.cn/sj/jcyj/202512/t20251217_8795355.htm,12月第2周畜产品和饲料集贸市场价格情况,2025-12-16,12月第2周,,12.13,元/公斤,2.43,元/公斤,3.29,元/公斤,23.43,元/公斤,3.36,元/公斤,table,data/raw/agri_weekly_articles/article_text/2025-12-16_t20251217_8795355.txt,data/raw/agri_weekly_articles/article_html/2025-12-16_t20251217_8795355.html,ok,collect_date_missing
https://www.agri.cn/sj/jcyj/202512/t20251211_8793371.htm,12月第1周畜产品和饲料集贸市场价格情况,2025-12-09,12月第1周,,12.21,元/公斤,2.43,元/公斤,3.3,元/公斤,23.71,元/公斤,3.36,元/公斤,table,data/raw/agri_weekly_articles/article_text/2025-12-09_t20251211_8793371.txt,data/raw/agri_weekly_articles/article_html/2025-12-09_t20251211_8793371.html,ok,collect_date_missing
https://www.agri.cn/sj/jcyj/202512/t20251203_8791213.htm,11月第4周畜产品和饲料集贸市场价格情况,2025-12-02,11月第4周,,12.33,元/公斤,2.43,元/公斤,3.29,元/公斤,23.88,元/公斤,3.35,元/公斤,table,data/raw/agri_weekly_articles/article_text/2025-12-02_t20251203_8791213.txt,data/raw/agri_weekly_articles/article_html/2025-12-02_t20251203_8791213.html,ok,collect_date_missing
https://www.agri.cn/sj/jcyj/202511/t20251126_8789245.htm,11月第3周畜产品和饲料集贸市场价格情况,2025-11-25,11月第3周,,12.5,元/公斤,2.43,元/公斤,3.29,元/公斤,24.14,元/公斤,3.36,元/公斤,table,data/raw/agri_weekly_articles/article_text/2025-11-25_t20251126_8789245.txt,data/raw/agri_weekly_articles/article_html/2025-11-25_t20251126_8789245.html,ok,collect_date_missing
https://www.agri.cn/sj/jcyj/202511/t20251119_8787426.htm,11月第2周畜产品和饲料集贸市场价格情况,2025-11-18,11月第2周,,12.64,元/公斤,2.43,元/公斤,3.29,元/公斤,24.39,元/公斤,3.36,元/公斤,table,data/raw/agri_weekly_articles/article_text/2025-11-18_t20251119_8787426.txt,data/raw/agri_weekly_articles/article_html/2025-11-18_t20251119_8787426.html,ok,collect_date_missing
https://www.agri.cn/sj/jcyj/202511/t20251111_8785034.htm,11月第1周畜产品和饲料集贸市场价格情况,2025-11-11,11月第1周,,12.71,元/公斤,2.44,元/公斤,3.28,元/公斤,24.59,元/公斤,3.36,元/公斤,table,data/raw/agri_weekly_articles/article_text/2025-11-11_t20251111_8785034.txt,data/raw/agri_weekly_articles/article_html/2025-11-11_t20251111_8785034.html,ok,collect_date_missing
https://www.agri.cn/sj/jcyj/202511/t20251106_8783689.htm,10月第4周畜产品和饲料集贸市场价格情况,2025-11-04,10月第4周,,12.76,元/公斤,2.45,元/公斤,3.26,元/公斤,24.78,元/公斤,3.36,元/公斤,table,data/raw/agri_weekly_articles/article_text/2025-11-04_t20251106_8783689.txt,data/raw/agri_weekly_articles/article_html/2025-11-04_t20251106_8783689.html,ok,collect_date_missing
https://www.agri.cn/sj/jcyj/202510/t20251030_8781691.htm,10月第3周畜产品和饲料集贸市场价格情况,2025-10-28,10月第3周,,12.32,元/公斤,2.46,元/公斤,3.26,元/公斤,25.13,元/公斤,3.36,元/公斤,table,data/raw/agri_weekly_articles/article_text/2025-10-28_t20251030_8781691.txt,data/raw/agri_weekly_articles/article_html/2025-10-28_t20251030_8781691.html,ok,collect_date_missing
https://www.agri.cn/sj/jcyj/202510/t20251021_8778429.htm,10月第2周畜产品和饲料集贸市场价格情况,2025-10-21,10月第2周,,12.3,元/公斤,2.46,元/公斤,3.27,元/公斤,26.04,元/公斤,3.37,元/公斤,table,data/raw/agri_weekly_articles/article_text/2025-10-21_t20251021_8778429.txt,data/raw/agri_weekly_articles/article_html/2025-10-21_t20251021_8778429.html,ok,collect_date_missing
https://www.agri.cn/sj/jcyj/202510/t20251014_8776940.htm,10月第1周畜产品和饲料集贸市场价格情况,2025-10-14,10月第1周,,12.9,元/公斤,2.48,元/公斤,3.28,元/公斤,27.23,元/公斤,3.38,元/公斤,table,data/raw/agri_weekly_articles/article_text/2025-10-14_t20251014_8776940.txt,data/raw/agri_weekly_articles/article_html/2025-10-14_t20251014_8776940.html,ok,collect_date_missing
https://www.agri.cn/sj/jcyj/202510/t20251011_8775311.htm,9月第5周畜产品和饲料集贸市场价格情况,2025-10-10,9月第5周,,13.27,元/公斤,2.49,元/公斤,3.28,元/公斤,28.25,元/公斤,3.38,元/公斤,table,data/raw/agri_weekly_articles/article_text/2025-10-10_t20251011_8775311.txt,data/raw/agri_weekly_articles/article_html/2025-10-10_t20251011_8775311.html,ok,collect_date_missing
https://www.agri.cn/sj/jcyj/202509/t20250930_8772647.htm,9月第4周畜产品和饲料集贸市场价格情况,2025-09-30,9月第4周,,13.52,元/公斤,2.48,元/公斤,3.28,元/公斤,29.07,元/公斤,3.38,元/公斤,table,data/raw/agri_weekly_articles/article_text/2025-09-30_t20250930_8772647.txt,data/raw/agri_weekly_articles/article_html/2025-09-30_t20250930_8772647.html,ok,collect_date_missing
https://www.agri.cn/sj/jcyj/202509/t20250925_8770944.htm,9月第3周畜产品和饲料集贸市场价格情况,2025-09-23,9月第3周,,13.85,元/公斤,2.49,元/公斤,3.3,元/公斤,30.03,元/公斤,3.39,元/公斤,table,data/raw/agri_weekly_articles/article_text/2025-09-23_t20250925_8770944.txt,data/raw/agri_weekly_articles/article_html/2025-09-23_t20250925_8770944.html,ok,collect_date_missing
https://www.agri.cn/sj/jcyj/202509/t20250916_8767865.htm,9月第2周畜产品和饲料集贸市场价格情况,2025-09-16,9月第2周,,14.1,元/公斤,2.49,元/公斤,3.31,元/公斤,30.96,元/公斤,3.4,元/公斤,table,data/raw/agri_weekly_articles/article_text/2025-09-16_t20250916_8767865.txt,data/raw/agri_weekly_articles/article_html/2025-09-16_t20250916_8767865.html,ok,collect_date_missing
https://www.agri.cn/sj/jcyj/202509/t20250902_8764200.htm,8月第4周畜产品和饲料集贸市场价格情况,2025-09-02,8月第4周,,14.22,元/公斤,2.49,元/公斤,3.31,元/公斤,32.68,元/公斤,3.4,元/公斤,table,data/raw/agri_weekly_articles/article_text/2025-09-02_t20250902_8764200.txt,data/raw/agri_weekly_articles/article_html/2025-09-02_t20250902_8764200.html,ok,collect_date_missing
https://www.agri.cn/sj/jcyj/202508/t20250827_8762261.htm,8月第3周畜产品和饲料集贸市场价格情况,2025-08-26,8月第3周,,14.3,元/公斤,2.5,元/公斤,3.31,元/公斤,33.25,元/公斤,3.39,元/公斤,table,data/raw/agri_weekly_articles/article_text/2025-08-26_t20250827_8762261.txt,data/raw/agri_weekly_articles/article_html/2025-08-26_t20250827_8762261.html,ok,collect_date_missing
https://www.agri.cn/sj/jcyj/202508/t20250827_8762260.htm,8月第2周畜产品和饲料集贸市场价格情况,2025-08-19,8月第2周,,14.35,元/公斤,2.5,元/公斤,3.29,元/公斤,33.94,元/公斤,3.39,元/公斤,table,data/raw/agri_weekly_articles/article_text/2025-08-19_t20250827_8762260.txt,data/raw/agri_weekly_articles/article_html/2025-08-19_t20250827_8762260.html,ok,collect_date_missing
https://www.agri.cn/sj/jcyj/202508/t20250805_8756100.htm,7月第5周畜产品和饲料集贸市场价格情况,2025-08-05,7月第5周,,14.66,元/公斤,2.5,元/公斤,3.27,元/公斤,35.07,元/公斤,3.39,元/公斤,table,data/raw/agri_weekly_articles/article_text/2025-08-05_t20250805_8756100.txt,data/raw/agri_weekly_articles/article_html/2025-08-05_t20250805_8756100.html,ok,collect_date_missing
https://www.agri.cn/sj/jcyj/202507/t20250731_8754752.htm,7月第4周畜产品和饲料集贸市场价格情况,2025-07-29,7月第4周,,14.86,元/公斤,2.5,元/公斤,3.29,元/公斤,35.62,元/公斤,3.39,元/公斤,table,data/raw/agri_weekly_articles/article_text/2025-07-29_t20250731_8754752.txt,data/raw/agri_weekly_articles/article_html/2025-07-29_t20250731_8754752.html,ok,collect_date_missing
https://www.agri.cn/sj/jcyj/202507/t20250722_8751589.htm,7月第3周畜产品和饲料集贸市场价格情况,2025-07-22,7月第3周,,14.99,元/公斤,2.5,元/公斤,3.27,元/公斤,35.78,元/公斤,3.39,元/公斤,table,data/raw/agri_weekly_articles/article_text/2025-07-22_t20250722_8751589.txt,data/raw/agri_weekly_articles/article_html/2025-07-22_t20250722_8751589.html,ok,collect_date_missing
https://www.agri.cn/sj/jcyj/202507/t20250715_8749444.htm,7月第2周畜产品和饲料集贸市场价格情况,2025-07-15,7月第2周,,15.09,元/公斤,2.49,元/公斤,3.29,元/公斤,36.05,元/公斤,3.39,元/公斤,table,data/raw/agri_weekly_articles/article_text/2025-07-15_t20250715_8749444.txt,data/raw/agri_weekly_articles/article_html/2025-07-15_t20250715_8749444.html,ok,collect_date_missing
https://www.agri.cn/sj/jcyj/202507/t20250710_8748178.htm,7月第1周畜产品和饲料集贸市场价格情况,2025-07-08,7月第1周,,14.96,元/公斤,2.49,元/公斤,3.31,元/公斤,36.13,元/公斤,3.39,元/公斤,table,data/raw/agri_weekly_articles/article_text/2025-07-08_t20250710_8748178.txt,data/raw/agri_weekly_articles/article_html/2025-07-08_t20250710_8748178.html,ok,collect_date_missing
https://www.agri.cn/sj/jcyj/202507/t20250703_8746263.htm,6月第4周畜产品和饲料集贸市场价格情况,2025-07-02,6月第4周,,14.67,元/公斤,2.48,元/公斤,3.34,元/公斤,36.33,元/公斤,3.39,元/公斤,table,data/raw/agri_weekly_articles/article_text/2025-07-02_t20250703_8746263.txt,data/raw/agri_weekly_articles/article_html/2025-07-02_t20250703_8746263.html,ok,collect_date_missing
https://www.agri.cn/sj/jcyj/202506/t20250625_8744076.htm,6月第3周畜产品和饲料集贸市场价格情况,2025-06-25,6月第3周,,14.61,元/公斤,2.47,元/公斤,3.35,元/公斤,36.91,元/公斤,3.39,元/公斤,table,data/raw/agri_weekly_articles/article_text/2025-06-25_t20250625_8744076.txt,data/raw/agri_weekly_articles/article_html/2025-06-25_t20250625_8744076.html,ok,collect_date_missing
https://www.agri.cn/sj/jcyj/202506/t20250617_8741994.htm,6月第2周畜产品和饲料集贸市场价格情况,2025-06-17,6月第2周,,14.58,元/公斤,2.46,元/公斤,3.37,元/公斤,37.58,元/公斤,3.4,元/公斤,table,data/raw/agri_weekly_articles/article_text/2025-06-17_t20250617_8741994.txt,data/raw/agri_weekly_articles/article_html/2025-06-17_t20250617_8741994.html,ok,collect_date_missing
https://www.agri.cn/sj/jcyj/202506/t20250610_8739911.htm,6月第1周畜产品和饲料集贸市场价格情况,2025-06-10,6月第1周,,14.78,元/公斤,2.46,元/公斤,3.4,元/公斤,38.19,元/公斤,3.4,元/公斤,table,data/raw/agri_weekly_articles/article_text/2025-06-10_t20250610_8739911.txt,data/raw/agri_weekly_articles/article_html/2025-06-10_t20250610_8739911.html,ok,collect_date_missing
https://www.agri.cn/sj/jcyj/202506/t20250604_8738509.htm,5月第4周畜产品和饲料集贸市场价格情况,2025-06-03,5月第4周,,14.84,元/公斤,2.45,元/公斤,3.46,元/公斤,38.63,元/公斤,3.41,元/公斤,table,data/raw/agri_weekly_articles/article_text/2025-06-03_t20250604_8738509.txt,data/raw/agri_weekly_articles/article_html/2025-06-03_t20250604_8738509.html,ok,collect_date_missing
https://www.agri.cn/sj/jcyj/202505/t20250528_8736862.htm,5月第3周畜产品和饲料集贸市场价格情况,2025-05-27,5月第3周,,14.93,元/公斤,2.45,元/公斤,3.51,元/公斤,39.01,元/公斤,3.42,元/公斤,table,data/raw/agri_weekly_articles/article_text/2025-05-27_t20250528_8736862.txt,data/raw/agri_weekly_articles/article_html/2025-05-27_t20250528_8736862.html,ok,collect_date_missing
https://www.agri.cn/sj/jcyj/202505/t20250528_8736861.htm,5月第2周畜产品和饲料集贸市场价格情况,2025-05-20,5月第2周,,15.09,元/公斤,2.43,元/公斤,3.61,元/公斤,39.35,元/公斤,3.43,元/公斤,table,data/raw/agri_weekly_articles/article_text/2025-05-20_t20250528_8736861.txt,data/raw/agri_weekly_articles/article_html/2025-05-20_t20250528_8736861.html,ok,collect_date_missing
https://www.agri.cn/sj/jcyj/202505/t20250514_8733449.htm,5月第1周畜产品和饲料集贸市场价格情况,2025-05-13,5月第1周,,15.17,元/公斤,2.42,元/公斤,3.69,元/公斤,39.57,元/公斤,3.43,元/公斤,table,data/raw/agri_weekly_articles/article_text/2025-05-13_t20250514_8733449.txt,data/raw/agri_weekly_articles/article_html/2025-05-13_t20250514_8733449.html,ok,collect_date_missing
https://www.agri.cn/sj/jcyj/202505/t20250508_8731631.htm,4月第5周畜产品和饲料集贸市场价格情况,2025-05-07,4月第5周,,15.22,元/公斤,2.4,元/公斤,3.77,元/公斤,39.52,元/公斤,3.43,元/公斤,table,data/raw/agri_weekly_articles/article_text/2025-05-07_t20250508_8731631.txt,data/raw/agri_weekly_articles/article_html/2025-05-07_t20250508_8731631.html,ok,collect_date_missing
https://www.agri.cn/sj/jcyj/202504/t20250429_8729932.htm,4月第4周畜产品和饲料集贸市场价格情况,2025-04-29,4月第4周,,15.29,元/公斤,2.38,元/公斤,3.7,元/公斤,39.48,元/公斤,3.41,元/公斤,table,data/raw/agri_weekly_articles/article_text/2025-04-29_t20250429_8729932.txt,data/raw/agri_weekly_articles/article_html/2025-04-29_t20250429_8729932.html,ok,collect_date_missing
https://www.agri.cn/sj/jcyj/202504/t20250423_8727988.htm,4月第3周畜产品和饲料集贸市场价格情况,2025-04-22,4月第3周,,15.22,元/公斤,2.38,元/公斤,3.61,元/公斤,39.2,元/公斤,3.4,元/公斤,table,data/raw/agri_weekly_articles/article_text/2025-04-22_t20250423_8727988.txt,data/raw/agri_weekly_articles/article_html/2025-04-22_t20250423_8727988.html,ok,collect_date_missing
https://www.agri.cn/sj/jcyj/202504/t20250402_8723398.htm,3月第4周畜产品和饲料集贸市场价格情况,2025-04-01,3月第4周,,15.21,元/公斤,2.36,元/公斤,3.6,元/公斤,38.09,元/公斤,3.41,元/公斤,table,data/raw/agri_weekly_articles/article_text/2025-04-01_t20250402_8723398.txt,data/raw/agri_weekly_articles/article_html/2025-04-01_t20250402_8723398.html,ok,collect_date_missing
https://www.agri.cn/sj/jcyj/202503/t20250325_8721142.htm,3月第3周畜产品和饲料集贸市场价格情况,2025-03-25,3月第3周,,15.35,元/公斤,2.35,元/公斤,3.69,元/公斤,37.43,元/公斤,3.42,元/公斤,table,data/raw/agri_weekly_articles/article_text/2025-03-25_t20250325_8721142.txt,data/raw/agri_weekly_articles/article_html/2025-03-25_t20250325_8721142.html,ok,collect_date_missing
https://www.agri.cn/sj/jcyj/202503/t20250320_8720085.htm,3月第2周畜产品和饲料集贸市场价格情况,2025-03-18,3月第2周,,15.39,元/公斤,2.34,元/公斤,3.74,元/公斤,36.9,元/公斤,3.43,元/公斤,table,data/raw/agri_weekly_articles/article_text/2025-03-18_t20250320_8720085.txt,data/raw/agri_weekly_articles/article_html/2025-03-18_t20250320_8720085.html,ok,collect_date_missing
https://www.agri.cn/sj/jcyj/202503/t20250312_8717854.htm,3月第1周畜产品和饲料集贸市场价格情况,2025-03-11,3月第1周,,15.47,元/公斤,2.33,元/公斤,3.76,元/公斤,36.55,元/公斤,3.42,元/公斤,table,data/raw/agri_weekly_articles/article_text/2025-03-11_t20250312_8717854.txt,data/raw/agri_weekly_articles/article_html/2025-03-11_t20250312_8717854.html,ok,collect_date_missing
https://www.agri.cn/sj/jcyj/202503/t20250306_8716826.htm,2月第4周畜产品和饲料集贸市场价格情况,2025-03-04,2月第4周,,15.62,元/公斤,2.31,元/公斤,3.72,元/公斤,36.5,元/公斤,3.4,元/公斤,table,data/raw/agri_weekly_articles/article_text/2025-03-04_t20250306_8716826.txt,data/raw/agri_weekly_articles/article_html/2025-03-04_t20250306_8716826.html,ok,collect_date_missing
https://www.agri.cn/sj/jcyj/202502/t20250226_8714927.htm,2月第3周畜产品和饲料集贸市场价格情况,2025-02-25,2月第3周,,15.79,元/公斤,2.3,元/公斤,3.66,元/公斤,36.52,元/公斤,3.39,元/公斤,table,data/raw/agri_weekly_articles/article_text/2025-02-25_t20250226_8714927.txt,data/raw/agri_weekly_articles/article_html/2025-02-25_t20250226_8714927.html,ok,collect_date_missing; kept_latest_duplicate_week
https://www.agri.cn/sj/jcyj/202502/t20250219_8713303.htm,2月第2周畜产品和饲料集贸市场价格情况,2025-02-18,2月第2周,,15.94,元/公斤,2.29,元/公斤,3.57,元/公斤,36.25,元/公斤,3.37,元/公斤,table,data/raw/agri_weekly_articles/article_text/2025-02-18_t20250219_8713303.txt,data/raw/agri_weekly_articles/article_html/2025-02-18_t20250219_8713303.html,ok,collect_date_missing
https://www.agri.cn/sj/jcyj/202502/t20250213_8711889.htm,2月第1周畜产品和饲料集贸市场价格情况,2025-02-11,2月第1周,,16.64,元/公斤,2.27,元/公斤,3.35,元/公斤,35.55,元/公斤,3.34,元/公斤,table,data/raw/agri_weekly_articles/article_text/2025-02-11_t20250213_8711889.txt,data/raw/agri_weekly_articles/article_html/2025-02-11_t20250213_8711889.html,ok,collect_date_missing
https://www.agri.cn/sj/jcyj/202501/t20250127_8708786.htm,1月第4周畜产品和饲料集贸市场价格情况,2025-01-27,1月第4周,,16.48,元/公斤,2.27,元/公斤,3.3,元/公斤,34.71,元/公斤,3.34,元/公斤,table,data/raw/agri_weekly_articles/article_text/2025-01-27_t20250127_8708786.txt,data/raw/agri_weekly_articles/article_html/2025-01-27_t20250127_8708786.html,ok,collect_date_missing
https://www.agri.cn/sj/jcyj/202501/t20250116_8706559.htm,1月第2周畜产品和饲料集贸市场价格情况,2025-01-14,1月第2周,,16.68,元/公斤,2.28,元/公斤,3.22,元/公斤,33.31,元/公斤,3.35,元/公斤,table,data/raw/agri_weekly_articles/article_text/2025-01-14_t20250116_8706559.txt,data/raw/agri_weekly_articles/article_html/2025-01-14_t20250116_8706559.html,ok,collect_date_missing
https://www.agri.cn/sj/jcyj/202501/t20250109_8704675.htm,1月第1周畜产品和饲料集贸市场价格情况,2025-01-07,1月第1周,,16.57,元/公斤,2.29,元/公斤,3.23,元/公斤,32.77,元/公斤,3.35,元/公斤,table,data/raw/agri_weekly_articles/article_text/2025-01-07_t20250109_8704675.txt,data/raw/agri_weekly_articles/article_html/2025-01-07_t20250109_8704675.html,ok,collect_date_missing
https://www.agri.cn/sj/jcyj/202501/t20250102_8703076.htm,12月第4周畜产品和饲料集贸市场价格情况,2024-12-31,12月第4周,,16.44,元/公斤,2.3,元/公斤,3.23,元/公斤,32.72,元/公斤,3.36,元/公斤,table,data/raw/agri_weekly_articles/article_text/2024-12-31_t20250102_8703076.txt,data/raw/agri_weekly_articles/article_html/2024-12-31_t20250102_8703076.html,ok,collect_date_missing; kept_latest_duplicate_week
https://www.agri.cn/sj/jcyj/202412/t20241226_8701825.htm,12月第3周畜产品和饲料集贸市场价格情况,2024-12-24,12月第3周,,16.56,元/公斤,2.31,元/公斤,3.26,元/公斤,32.95,元/公斤,3.36,元/公斤,table,data/raw/agri_weekly_articles/article_text/2024-12-24_t20241226_8701825.txt,data/raw/agri_weekly_articles/article_html/2024-12-24_t20241226_8701825.html,ok,collect_date_missing
https://www.agri.cn/sj/jcyj/202412/t20241218_8699866.htm,12月第2周畜产品和饲料集贸市场价格情况,2024-12-17,12月第2周,,16.65,元/公斤,2.32,元/公斤,3.28,元/公斤,33.33,元/公斤,3.37,元/公斤,table,data/raw/agri_weekly_articles/article_text/2024-12-17_t20241218_8699866.txt,data/raw/agri_weekly_articles/article_html/2024-12-17_t20241218_8699866.html,ok,collect_date_missing
https://www.agri.cn/sj/jcyj/202412/t20241211_8698026.htm,12月第1周畜产品和饲料集贸市场价格情况,2024-12-10,12月第1周,,16.92,元/公斤,2.34,元/公斤,3.31,元/公斤,33.67,元/公斤,3.38,元/公斤,table,data/raw/agri_weekly_articles/article_text/2024-12-10_t20241211_8698026.txt,data/raw/agri_weekly_articles/article_html/2024-12-10_t20241211_8698026.html,ok,collect_date_missing
https://www.agri.cn/sj/jcyj/202412/t20241204_8695616.htm,11月第4周畜产品和饲料集贸市场价格情况,2024-12-03,11月第4周,,17.1,元/公斤,2.34,元/公斤,3.33,元/公斤,34.01,元/公斤,3.38,元/公斤,table,data/raw/agri_weekly_articles/article_text/2024-12-03_t20241204_8695616.txt,data/raw/agri_weekly_articles/article_html/2024-12-03_t20241204_8695616.html,ok,collect_date_missing
https://www.agri.cn/sj/jcyj/202411/t20241127_8693315.htm,11月第3周畜产品和饲料集贸市场价格情况,2024-11-26,11月第3周,,17.02,元/公斤,2.35,元/公斤,3.35,元/公斤,34.11,元/公斤,3.39,元/公斤,table,data/raw/agri_weekly_articles/article_text/2024-11-26_t20241127_8693315.txt,data/raw/agri_weekly_articles/article_html/2024-11-26_t20241127_8693315.html,ok,collect_date_missing
https://www.agri.cn/sj/jcyj/202411/t20241120_8690916.htm,11月第2周畜产品和饲料集贸市场价格情况,2024-11-19,11月第2周,,17.4,元/公斤,2.36,元/公斤,3.37,元/公斤,34.64,元/公斤,3.4,元/公斤,table,data/raw/agri_weekly_articles/article_text/2024-11-19_t20241120_8690916.txt,data/raw/agri_weekly_articles/article_html/2024-11-19_t20241120_8690916.html,ok,collect_date_missing
https://www.agri.cn/sj/jcyj/202411/t20241114_8689260.htm,11月第1周畜产品和饲料集贸市场价格情况,2024-11-12,11月第1周,,17.8,元/公斤,2.37,元/公斤,3.34,元/公斤,34.93,元/公斤,3.4,元/公斤,table,data/raw/agri_weekly_articles/article_text/2024-11-12_t20241114_8689260.txt,data/raw/agri_weekly_articles/article_html/2024-11-12_t20241114_8689260.html,ok,collect_date_missing
https://www.agri.cn/sj/jcyj/202411/t20241106_8686361.htm,10月第5周畜产品和饲料集贸市场价格情况,2024-11-05,10月第5周,,17.97,元/公斤,2.38,元/公斤,3.34,元/公斤,35.25,元/公斤,3.4,元/公斤,table,data/raw/agri_weekly_articles/article_text/2024-11-05_t20241106_8686361.txt,data/raw/agri_weekly_articles/article_html/2024-11-05_t20241106_8686361.html,ok,collect_date_missing
https://www.agri.cn/sj/jcyj/202410/t20241030_8684156.htm,10月第4周畜产品和饲料集贸市场价格情况,2024-10-29,10月第4周,,18.16,元/公斤,2.39,元/公斤,3.35,元/公斤,35.63,元/公斤,3.41,元/公斤,table,data/raw/agri_weekly_articles/article_text/2024-10-29_t20241030_8684156.txt,data/raw/agri_weekly_articles/article_html/2024-10-29_t20241030_8684156.html,ok,collect_date_missing
https://www.agri.cn/sj/jcyj/202410/t20241023_8681827.htm,10月第3周畜产品和饲料集贸市场价格情况,2024-10-22,10月第3周,,18.4,元/公斤,2.4,元/公斤,3.38,元/公斤,36.28,元/公斤,3.41,元/公斤,table,data/raw/agri_weekly_articles/article_text/2024-10-22_t20241023_8681827.txt,data/raw/agri_weekly_articles/article_html/2024-10-22_t20241023_8681827.html,ok,collect_date_missing
https://www.agri.cn/sj/jcyj/202410/t20241016_8679608.htm,10月第2周畜产品和饲料集贸市场价格情况,2024-10-15,10月第2周,,18.31,元/公斤,2.42,元/公斤,3.4,元/公斤,37.09,元/公斤,3.43,元/公斤,table,data/raw/agri_weekly_articles/article_text/2024-10-15_t20241016_8679608.txt,data/raw/agri_weekly_articles/article_html/2024-10-15_t20241016_8679608.html,ok,collect_date_missing
https://www.agri.cn/sj/jcyj/202410/t20241011_8677865.htm,10月第1周畜产品和饲料集贸市场价格情况,2024-10-09,10月第1周,,18.39,元/公斤,2.43,元/公斤,3.41,元/公斤,37.62,元/公斤,3.43,元/公斤,table,data/raw/agri_weekly_articles/article_text/2024-10-09_t20241011_8677865.txt,data/raw/agri_weekly_articles/article_html/2024-10-09_t20241011_8677865.html,ok,collect_date_missing
https://www.agri.cn/sj/jcyj/202409/t20240930_8675574.htm,9月第4周畜产品和饲料集贸市场价格情况,2024-09-30,9月第4周,,18.93,元/公斤,2.47,元/公斤,3.4,元/公斤,39.4,元/公斤,3.44,元/公斤,table,data/raw/agri_weekly_articles/article_text/2024-09-30_t20240930_8675574.txt,data/raw/agri_weekly_articles/article_html/2024-09-30_t20240930_8675574.html,ok,collect_date_missing
https://www.agri.cn/sj/jcyj/202409/t20240924_8673885.htm,9月第3周畜产品和饲料集贸市场价格情况,2024-09-24,9月第3周,,19.6,元/公斤,2.5,元/公斤,3.4,元/公斤,41.02,元/公斤,3.45,元/公斤,table,data/raw/agri_weekly_articles/article_text/2024-09-24_t20240924_8673885.txt,data/raw/agri_weekly_articles/article_html/2024-09-24_t20240924_8673885.html,ok,collect_date_missing
https://www.agri.cn/sj/jcyj/202409/t20240919_8672422.htm,9月第2周畜产品和饲料集贸市场价格情况,2024-09-18,9月第2周,,20.05,元/公斤,2.51,元/公斤,3.4,元/公斤,42.12,元/公斤,3.46,元/公斤,table,data/raw/agri_weekly_articles/article_text/2024-09-18_t20240919_8672422.txt,data/raw/agri_weekly_articles/article_html/2024-09-18_t20240919_8672422.html,ok,collect_date_missing
https://www.agri.cn/sj/jcyj/202409/t20240911_8670255.htm,9月第1周畜产品和饲料集贸市场价格情况,2024-09-10,9月第1周,,20.23,元/公斤,2.52,元/公斤,3.38,元/公斤,43.24,元/公斤,3.46,元/公斤,table,data/raw/agri_weekly_articles/article_text/2024-09-10_t20240911_8670255.txt,data/raw/agri_weekly_articles/article_html/2024-09-10_t20240911_8670255.html,ok,collect_date_missing
https://www.agri.cn/sj/jcyj/202409/t20240904_8668071.htm,8月第5周畜产品和饲料集贸市场价格情况,2024-09-03,8月第5周,,20.34,元/公斤,2.53,元/公斤,3.36,元/公斤,43.96,元/公斤,3.48,元/公斤,table,data/raw/agri_weekly_articles/article_text/2024-09-03_t20240904_8668071.txt,data/raw/agri_weekly_articles/article_html/2024-09-03_t20240904_8668071.html,ok,collect_date_missing
https://www.agri.cn/sj/jcyj/202408/t20240828_8665753.htm,8月第4周畜产品和饲料集贸市场价格情况,2024-08-27,8月第4周,,20.85,元/公斤,2.54,元/公斤,3.37,元/公斤,44.6,元/公斤,3.48,元/公斤,table,data/raw/agri_weekly_articles/article_text/2024-08-27_t20240828_8665753.txt,data/raw/agri_weekly_articles/article_html/2024-08-27_t20240828_8665753.html,ok,collect_date_missing
https://www.agri.cn/sj/jcyj/202408/t20240821_8663839.htm,8月第3周畜产品和饲料集贸市场价格情况,2024-08-20,8月第3周,,20.92,元/公斤,2.56,元/公斤,3.4,元/公斤,44.68,元/公斤,3.5,元/公斤,table,data/raw/agri_weekly_articles/article_text/2024-08-20_t20240821_8663839.txt,data/raw/agri_weekly_articles/article_html/2024-08-20_t20240821_8663839.html,ok,collect_date_missing
https://www.agri.cn/sj/jcyj/202408/t20240821_8663838.htm,8月第2周畜产品和饲料集贸市场价格情况,2024-08-13,8月第2周,,20.21,元/公斤,2.58,元/公斤,3.46,元/公斤,44.23,元/公斤,3.52,元/公斤,table,data/raw/agri_weekly_articles/article_text/2024-08-13_t20240821_8663838.txt,data/raw/agri_weekly_articles/article_html/2024-08-13_t20240821_8663838.html,ok,collect_date_missing
https://www.agri.cn/sj/jcyj/202408/t20240807_8659647.htm,8月第1周畜产品和饲料集贸市场价格情况,2024-08-06,8月第1周,,19.43,元/公斤,2.58,元/公斤,3.49,元/公斤,43.86,元/公斤,3.53,元/公斤,table,data/raw/agri_weekly_articles/article_text/2024-08-06_t20240807_8659647.txt,data/raw/agri_weekly_articles/article_html/2024-08-06_t20240807_8659647.html,ok,collect_date_missing
https://www.agri.cn/sj/jcyj/202408/t20240801_8658068.htm,7月第4周畜产品和饲料集贸市场价格情况,2024-07-30,7月第4周,,19.16,元/公斤,2.59,元/公斤,3.52,元/公斤,43.86,元/公斤,3.53,元/公斤,table,data/raw/agri_weekly_articles/article_text/2024-07-30_t20240801_8658068.txt,data/raw/agri_weekly_articles/article_html/2024-07-30_t20240801_8658068.html,ok,collect_date_missing
https://www.agri.cn/sj/jcyj/202407/t20240723_8654986.htm,7月第3周畜产品和饲料集贸市场价格情况,2024-07-23,7月第3周,,18.9,元/公斤,2.59,元/公斤,3.55,元/公斤,43.86,元/公斤,3.54,元/公斤,table,data/raw/agri_weekly_articles/article_text/2024-07-23_t20240723_8654986.txt,data/raw/agri_weekly_articles/article_html/2024-07-23_t20240723_8654986.html,ok,collect_date_missing
https://www.agri.cn/sj/jcyj/202407/t20240717_8653443.htm,7月第2周畜产品和饲料集贸市场价格情况,2024-07-16,7月第2周,,18.52,元/公斤,2.59,元/公斤,3.62,元/公斤,43.91,元/公斤,3.54,元/公斤,table,data/raw/agri_weekly_articles/article_text/2024-07-16_t20240717_8653443.txt,data/raw/agri_weekly_articles/article_html/2024-07-16_t20240717_8653443.html,ok,collect_date_missing
https://www.agri.cn/sj/jcyj/202407/t20240710_8651161.htm,7月第1周畜产品和饲料集贸市场价格情况,2024-07-09,7月第1周,,18.03,元/公斤,2.58,元/公斤,3.65,元/公斤,44.05,元/公斤,3.54,元/公斤,table,data/raw/agri_weekly_articles/article_text/2024-07-09_t20240710_8651161.txt,data/raw/agri_weekly_articles/article_html/2024-07-09_t20240710_8651161.html,ok,collect_date_missing
https://www.agri.cn/sj/jcyj/202407/t20240703_8648754.htm,6月第4周畜产品和饲料集贸市场价格情况,2024-07-02,6月第4周,,17.99,元/公斤,2.58,元/公斤,3.66,元/公斤,44.25,元/公斤,3.54,元/公斤,table,data/raw/agri_weekly_articles/article_text/2024-07-02_t20240703_8648754.txt,data/raw/agri_weekly_articles/article_html/2024-07-02_t20240703_8648754.html,ok,collect_date_missing
https://www.agri.cn/sj/jcyj/202406/t20240627_8647024.htm,6月第3周畜产品和饲料集贸市场价格情况,2024-06-25,6月第3周,,18.44,元/公斤,2.57,元/公斤,3.69,元/公斤,44.32,元/公斤,3.54,元/公斤,table,data/raw/agri_weekly_articles/article_text/2024-06-25_t20240627_8647024.txt,data/raw/agri_weekly_articles/article_html/2024-06-25_t20240627_8647024.html,ok,collect_date_missing
https://www.agri.cn/sj/jcyj/202406/t20240619_8644095.htm,6月第2周畜产品和饲料集贸市场价格情况,2024-06-18,6月第2周,,18.41,元/公斤,2.56,元/公斤,3.72,元/公斤,43.57,元/公斤,3.54,元/公斤,table,data/raw/agri_weekly_articles/article_text/2024-06-18_t20240619_8644095.txt,data/raw/agri_weekly_articles/article_html/2024-06-18_t20240619_8644095.html,ok,collect_date_missing
https://www.agri.cn/sj/jcyj/202406/t20240613_8642340.htm,6月第1周畜产品和饲料集贸市场价格情况,2024-06-12,6月第1周,,17.75,元/公斤,2.56,元/公斤,3.74,元/公斤,42.17,元/公斤,3.55,元/公斤,table,data/raw/agri_weekly_articles/article_text/2024-06-12_t20240613_8642340.txt,data/raw/agri_weekly_articles/article_html/2024-06-12_t20240613_8642340.html,ok,collect_date_missing
https://www.agri.cn/sj/jcyj/202406/t20240605_8640088.htm,5月第5周畜产品和饲料集贸市场价格情况,2024-06-04,5月第5周,,16.7,元/公斤,2.55,元/公斤,3.76,元/公斤,40.46,元/公斤,3.55,元/公斤,table,data/raw/agri_weekly_articles/article_text/2024-06-04_t20240605_8640088.txt,data/raw/agri_weekly_articles/article_html/2024-06-04_t20240605_8640088.html,ok,collect_date_missing
https://www.agri.cn/sj/jcyj/202405/t20240528_8637240.htm,5月第4周畜产品和饲料集贸市场价格情况,2024-05-28,5月第4周,,15.65,元/公斤,2.54,元/公斤,3.75,元/公斤,38.82,元/公斤,3.55,元/公斤,table,data/raw/agri_weekly_articles/article_text/2024-05-28_t20240528_8637240.txt,data/raw/agri_weekly_articles/article_html/2024-05-28_t20240528_8637240.html,ok,collect_date_missing
https://www.agri.cn/sj/jcyj/202405/t20240522_8635353.htm,5月第3周畜产品和饲料集贸市场价格情况,2024-05-21,5月第3周,,15.24,元/公斤,2.53,元/公斤,3.74,元/公斤,38.18,元/公斤,3.55,元/公斤,table,data/raw/agri_weekly_articles/article_text/2024-05-21_t20240522_8635353.txt,data/raw/agri_weekly_articles/article_html/2024-05-21_t20240522_8635353.html,ok,collect_date_missing
https://www.agri.cn/sj/jcyj/202405/t20240514_8633112.htm,5月第2周畜产品和饲料集贸市场价格情况,2024-05-14,5月第2周,,15.16,元/公斤,2.53,元/公斤,3.73,元/公斤,38.11,元/公斤,3.56,元/公斤,table,data/raw/agri_weekly_articles/article_text/2024-05-14_t20240514_8633112.txt,data/raw/agri_weekly_articles/article_html/2024-05-14_t20240514_8633112.html,ok,collect_date_missing
https://www.agri.cn/sj/jcyj/202405/t20240509_8631607.htm,5月第1周畜产品和饲料集贸市场价格情况,2024-05-07,5月第1周,,15.18,元/公斤,2.54,元/公斤,3.72,元/公斤,37.95,元/公斤,3.56,元/公斤,table,data/raw/agri_weekly_articles/article_text/2024-05-07_t20240509_8631607.txt,data/raw/agri_weekly_articles/article_html/2024-05-07_t20240509_8631607.html,ok,collect_date_missing
https://www.agri.cn/sj/jcyj/202404/t20240430_8629852.htm,4月第4周畜产品和饲料集贸市场价格情况,2024-04-30,4月第4周,,15.28,元/公斤,2.55,元/公斤,3.74,元/公斤,37.72,元/公斤,3.58,元/公斤,table,data/raw/agri_weekly_articles/article_text/2024-04-30_t20240430_8629852.txt,data/raw/agri_weekly_articles/article_html/2024-04-30_t20240430_8629852.html,ok,collect_date_missing
https://www.agri.cn/sj/jcyj/202404/t20240424_8627776.htm,4月第3周畜产品和饲料集贸市场价格情况,2024-04-23,4月第3周,,15.34,元/公斤,2.56,元/公斤,3.75,元/公斤,37.15,元/公斤,3.59,元/公斤,table,data/raw/agri_weekly_articles/article_text/2024-04-23_t20240424_8627776.txt,data/raw/agri_weekly_articles/article_html/2024-04-23_t20240424_8627776.html,ok,collect_date_missing
https://www.agri.cn/sj/jcyj/202404/t20240417_8625697.htm,4月第2周畜产品和饲料集贸市场价格情况,2024-04-16,4月第2周,,15.4,元/公斤,2.57,元/公斤,3.78,元/公斤,36.49,元/公斤,3.6,元/公斤,table,data/raw/agri_weekly_articles/article_text/2024-04-16_t20240417_8625697.txt,data/raw/agri_weekly_articles/article_html/2024-04-16_t20240417_8625697.html,ok,collect_date_missing
https://www.agri.cn/sj/jcyj/202404/t20240410_8623603.htm,4月第1周畜产品和饲料集贸市场价格情况,2024-04-09,4月第1周,,15.37,元/公斤,2.58,元/公斤,3.82,元/公斤,35.55,元/公斤,3.61,元/公斤,table,data/raw/agri_weekly_articles/article_text/2024-04-09_t20240410_8623603.txt,data/raw/agri_weekly_articles/article_html/2024-04-09_t20240410_8623603.html,ok,collect_date_missing
https://www.agri.cn/sj/jcyj/202404/t20240403_8621782.htm,3月第4周畜产品和饲料集贸市场价格情况,2024-04-02,3月第4周,,15.31,元/公斤,2.58,元/公斤,3.83,元/公斤,34.22,元/公斤,3.61,元/公斤,table,data/raw/agri_weekly_articles/article_text/2024-04-02_t20240403_8621782.txt,data/raw/agri_weekly_articles/article_html/2024-04-02_t20240403_8621782.html,ok,collect_date_missing
https://www.agri.cn/sj/jcyj/202403/t20240327_8619879.htm,3月第3周畜产品和饲料集贸市场价格情况,2024-03-26,3月第3周,,15.04,元/公斤,2.59,元/公斤,3.82,元/公斤,32.66,元/公斤,3.62,元/公斤,table,data/raw/agri_weekly_articles/article_text/2024-03-26_t20240327_8619879.txt,data/raw/agri_weekly_articles/article_html/2024-03-26_t20240327_8619879.html,ok,collect_date_missing
https://www.agri.cn/sj/jcyj/202403/t20240319_8617524.htm,3月第2周畜产品和饲料集贸市场价格情况,2024-03-19,3月第2周,,14.8,元/公斤,2.59,元/公斤,3.81,元/公斤,31.12,元/公斤,3.63,元/公斤,table,data/raw/agri_weekly_articles/article_text/2024-03-19_t20240319_8617524.txt,data/raw/agri_weekly_articles/article_html/2024-03-19_t20240319_8617524.html,ok,collect_date_missing
https://www.agri.cn/sj/jcyj/202403/t20240305_8613413.htm,2月第5周畜产品和饲料集贸市场价格情况,2024-03-05,2月第5周,,14.66,元/公斤,2.6,元/公斤,3.83,元/公斤,29.61,元/公斤,3.64,元/公斤,table,data/raw/agri_weekly_articles/article_text/2024-03-05_t20240305_8613413.txt,data/raw/agri_weekly_articles/article_html/2024-03-05_t20240305_8613413.html,ok,collect_date_missing
https://www.agri.cn/sj/jcyj/202402/t20240228_8611833.htm,2月第4周畜产品和饲料集贸市场价格情况,2024-02-27,2月第4周,,15.02,元/公斤,2.6,元/公斤,3.89,元/公斤,29.2,元/公斤,3.66,元/公斤,table,data/raw/agri_weekly_articles/article_text/2024-02-27_t20240228_8611833.txt,data/raw/agri_weekly_articles/article_html/2024-02-27_t20240228_8611833.html,ok,collect_date_missing
https://www.agri.cn/sj/jcyj/202402/t20240228_8611834.htm,2月第3周畜产品和饲料集贸市场价格情况,2024-02-20,2月第3周,,15.35,元/公斤,2.6,元/公斤,3.91,元/公斤,28.56,元/公斤,3.67,元/公斤,table,data/raw/agri_weekly_articles/article_text/2024-02-20_t20240228_8611834.txt,data/raw/agri_weekly_articles/article_html/2024-02-20_t20240228_8611834.html,ok,collect_date_missing
https://www.agri.cn/sj/jcyj/202402/t20240206_8607885.htm,2月第1周畜产品和饲料集贸市场价格情况,2024-02-06,2月第1周,,15.56,元/公斤,2.63,元/公斤,3.97,元/公斤,26.42,元/公斤,3.69,元/公斤,table,data/raw/agri_weekly_articles/article_text/2024-02-06_t20240206_8607885.txt,data/raw/agri_weekly_articles/article_html/2024-02-06_t20240206_8607885.html,ok,collect_date_missing
https://www.agri.cn/sj/jcyj/202401/t20240130_8605537.htm,1月第4周畜产品和饲料集贸市场价格情况,2024-01-30,1月第4周,,14.71,元/公斤,2.67,元/公斤,4.05,元/公斤,24.31,元/公斤,3.71,元/公斤,table,data/raw/agri_weekly_articles/article_text/2024-01-30_t20240130_8605537.txt,data/raw/agri_weekly_articles/article_html/2024-01-30_t20240130_8605537.html,ok,collect_date_missing
https://www.agri.cn/sj/jcyj/202401/t20240124_8604108.htm,1月第3周畜产品和饲料集贸市场价格情况,2024-01-23,1月第3周,,14.35,元/公斤,2.7,元/公斤,4.13,元/公斤,22.95,元/公斤,3.73,元/公斤,table,data/raw/agri_weekly_articles/article_text/2024-01-23_t20240124_8604108.txt,data/raw/agri_weekly_articles/article_html/2024-01-23_t20240124_8604108.html,ok,collect_date_missing
https://www.agri.cn/sj/jcyj/202401/t20240116_8601864.htm,1月第2周畜产品和饲料集贸市场价格情况,2024-01-16,1月第2周,,14.39,元/公斤,2.74,元/公斤,4.22,元/公斤,22.75,元/公斤,3.75,元/公斤,table,data/raw/agri_weekly_articles/article_text/2024-01-16_t20240116_8601864.txt,data/raw/agri_weekly_articles/article_html/2024-01-16_t20240116_8601864.html,ok,collect_date_missing
https://www.agri.cn/sj/jcyj/202401/t20240110_8600338.htm,1月第1周畜产品和饲料集贸市场价格情况,2024-01-09,1月第1周,,14.63,元/公斤,2.76,元/公斤,4.27,元/公斤,22.85,元/公斤,3.77,元/公斤,table,data/raw/agri_weekly_articles/article_text/2024-01-09_t20240110_8600338.txt,data/raw/agri_weekly_articles/article_html/2024-01-09_t20240110_8600338.html,ok,collect_date_missing
https://www.agri.cn/sj/jcyj/202312/t20231231_8595475.htm,12月第3周畜产品和饲料集贸市场价格情况,2023-12-26,12月第3周,,14.91,元/公斤,2.8,元/公斤,4.31,元/公斤,23.18,元/公斤,3.79,元/公斤,table,data/raw/agri_weekly_articles/article_text/2023-12-26_t20231231_8595475.txt,data/raw/agri_weekly_articles/article_html/2023-12-26_t20231231_8595475.html,ok,collect_date_missing
https://www.agri.cn/sj/jcyj/202312/t20231231_8595470.htm,12月第2周畜产品和饲料集贸市场价格情况,2023-12-19,12月第2周,,14.75,元/公斤,2.82,元/公斤,4.34,元/公斤,23.3,元/公斤,3.8,元/公斤,table,data/raw/agri_weekly_articles/article_text/2023-12-19_t20231231_8595470.txt,data/raw/agri_weekly_articles/article_html/2023-12-19_t20231231_8595470.html,ok,collect_date_missing
https://www.agri.cn/sj/jcyj/202312/t20231231_8595468.htm,12月第1周畜产品和饲料集贸市场价格情况,2023-12-12,12月第1周,,14.85,元/公斤,2.84,元/公斤,4.35,元/公斤,23.54,元/公斤,3.81,元/公斤,table,data/raw/agri_weekly_articles/article_text/2023-12-12_t20231231_8595468.txt,data/raw/agri_weekly_articles/article_html/2023-12-12_t20231231_8595468.html,ok,collect_date_missing
https://www.agri.cn/sj/jcyj/202311/t20231130_8132170.htm,11月第4周畜产品和饲料集贸市场价格情况,2023-11-28,11月第4周,,15.21,元/公斤,2.87,元/公斤,4.48,元/公斤,24.04,元/公斤,3.83,元/公斤,table,data/raw/agri_weekly_articles/article_text/2023-11-28_t20231130_8132170.txt,data/raw/agri_weekly_articles/article_html/2023-11-28_t20231130_8132170.html,ok,collect_date_missing
https://www.agri.cn/sj/jcyj/202311/t20231130_8132166.htm,11月第3周畜产品和饲料集贸市场价格情况,2023-11-21,11月第3周,,15.03,元/公斤,2.89,元/公斤,4.52,元/公斤,24.19,元/公斤,3.84,元/公斤,table,data/raw/agri_weekly_articles/article_text/2023-11-21_t20231130_8132166.txt,data/raw/agri_weekly_articles/article_html/2023-11-21_t20231130_8132166.html,ok,collect_date_missing
https://www.agri.cn/sj/jcyj/202311/t20231130_8132163.htm,11月第2周畜产品和饲料集贸市场价格情况,2023-11-14,11月第2周,,15.18,元/公斤,2.91,元/公斤,4.55,元/公斤,24.47,元/公斤,3.85,元/公斤,table,data/raw/agri_weekly_articles/article_text/2023-11-14_t20231130_8132163.txt,data/raw/agri_weekly_articles/article_html/2023-11-14_t20231130_8132163.html,ok,collect_date_missing
https://www.agri.cn/sj/jcyj/202311/t20231130_8132162.htm,11月第1周畜产品和饲料集贸市场价格情况,2023-11-07,11月第1周,,15.12,元/公斤,2.92,元/公斤,4.54,元/公斤,24.8,元/公斤,3.86,元/公斤,table,data/raw/agri_weekly_articles/article_text/2023-11-07_t20231130_8132162.txt,data/raw/agri_weekly_articles/article_html/2023-11-07_t20231130_8132162.html,ok,collect_date_missing
https://www.agri.cn/sj/jcyj/202311/t20231130_8132160.htm,10月第4周畜产品和饲料集贸市场价格情况,2023-10-31,10月第4周,,15.58,元/公斤,2.95,元/公斤,4.59,元/公斤,25.63,元/公斤,3.88,元/公斤,table,data/raw/agri_weekly_articles/article_text/2023-10-31_t20231130_8132160.txt,data/raw/agri_weekly_articles/article_html/2023-10-31_t20231130_8132160.html,ok,collect_date_missing
https://www.agri.cn/sj/jcyj/202311/t20231130_8132156.htm,10月第3周畜产品和饲料集贸市场价格情况,2023-10-24,10月第3周,,15.82,元/公斤,2.98,元/公斤,4.67,元/公斤,27.05,元/公斤,3.9,元/公斤,table,data/raw/agri_weekly_articles/article_text/2023-10-24_t20231130_8132156.txt,data/raw/agri_weekly_articles/article_html/2023-10-24_t20231130_8132156.html,ok,collect_date_missing
https://www.agri.cn/sj/jcyj/202311/t20231130_8132152.htm,10月第2周畜产品和饲料集贸市场价格情况,2023-10-17,10月第2周,,15.91,元/公斤,3.01,元/公斤,4.75,元/公斤,28.19,元/公斤,3.91,元/公斤,table,data/raw/agri_weekly_articles/article_text/2023-10-17_t20231130_8132152.txt,data/raw/agri_weekly_articles/article_html/2023-10-17_t20231130_8132152.html,ok,collect_date_missing
https://www.agri.cn/sj/jcyj/202311/t20231130_8132148.htm,10月第1周畜产品和饲料集贸市场价格情况,2023-10-10,10月第1周,,16.27,元/公斤,3.03,元/公斤,4.83,元/公斤,29.23,元/公斤,3.93,元/公斤,table,data/raw/agri_weekly_articles/article_text/2023-10-10_t20231130_8132148.txt,data/raw/agri_weekly_articles/article_html/2023-10-10_t20231130_8132148.html,ok,collect_date_missing
https://www.agri.cn/sj/jcyj/202311/t20231130_8132147.htm,9月份第3周畜产品和饲料集贸市场价格情况,2023-09-26,9月第3周,,16.68,元/公斤,3.06,元/公斤,4.92,元/公斤,31.0,元/公斤,3.95,元/公斤,table,data/raw/agri_weekly_articles/article_text/2023-09-26_t20231130_8132147.txt,data/raw/agri_weekly_articles/article_html/2023-09-26_t20231130_8132147.html,ok,collect_date_missing
https://www.agri.cn/sj/jcyj/202311/t20231130_8132140.htm,9月份第2周畜产品和饲料集贸市场价格情况,2023-09-19,9月第2周,,16.86,元/公斤,3.07,元/公斤,4.96,元/公斤,31.92,元/公斤,3.96,元/公斤,table,data/raw/agri_weekly_articles/article_text/2023-09-19_t20231130_8132140.txt,data/raw/agri_weekly_articles/article_html/2023-09-19_t20231130_8132140.html,ok,collect_date_missing
https://www.agri.cn/sj/jcyj/202311/t20231130_8132139.htm,9月份第1周畜产品和饲料集贸市场价格情况,2023-09-12,9月第1周,,17.03,元/公斤,3.06,元/公斤,4.97,元/公斤,32.57,元/公斤,3.96,元/公斤,table,data/raw/agri_weekly_articles/article_text/2023-09-12_t20231130_8132139.txt,data/raw/agri_weekly_articles/article_html/2023-09-12_t20231130_8132139.html,ok,collect_date_missing
https://www.agri.cn/sj/jcyj/202311/t20231130_8132135.htm,8月份第5周畜产品和饲料集贸市场价格情况,2023-09-05,8月第5周,,17.21,元/公斤,3.06,元/公斤,4.94,元/公斤,32.98,元/公斤,3.94,元/公斤,table,data/raw/agri_weekly_articles/article_text/2023-09-05_t20231130_8132135.txt,data/raw/agri_weekly_articles/article_html/2023-09-05_t20231130_8132135.html,ok,collect_date_missing
https://www.agri.cn/sj/jcyj/202311/t20231130_8132134.htm,8月份第4周畜产品和饲料集贸市场价格情况,2023-08-29,8月第4周,,17.21,元/公斤,3.05,元/公斤,4.85,元/公斤,33.14,元/公斤,3.93,元/公斤,table,data/raw/agri_weekly_articles/article_text/2023-08-29_t20231130_8132134.txt,data/raw/agri_weekly_articles/article_html/2023-08-29_t20231130_8132134.html,ok,collect_date_missing
https://www.agri.cn/sj/jcyj/202311/t20231130_8132131.htm,8月份第3周畜产品和饲料集贸市场价格情况,2023-08-22,8月第3周,,17.2,元/公斤,3.03,元/公斤,4.7,元/公斤,33.09,元/公斤,3.9,元/公斤,table,data/raw/agri_weekly_articles/article_text/2023-08-22_t20231130_8132131.txt,data/raw/agri_weekly_articles/article_html/2023-08-22_t20231130_8132131.html,ok,collect_date_missing
https://www.agri.cn/sj/jcyj/202311/t20231130_8132126.htm,8月份第2周畜产品和饲料集贸市场价格情况,2023-08-14,8月第2周,,17.14,元/公斤,3.01,元/公斤,4.61,元/公斤,32.88,元/公斤,3.89,元/公斤,table,data/raw/agri_weekly_articles/article_text/2023-08-14_t20231130_8132126.txt,data/raw/agri_weekly_articles/article_html/2023-08-14_t20231130_8132126.html,ok,collect_date_missing
https://www.agri.cn/sj/jcyj/202311/t20231130_8132124.htm,8月份第1周畜产品和饲料集贸市场价格情况,2023-08-08,8月第1周,,16.34,元/公斤,3.0,元/公斤,4.53,元/公斤,32.16,元/公斤,3.88,元/公斤,table,data/raw/agri_weekly_articles/article_text/2023-08-08_t20231130_8132124.txt,data/raw/agri_weekly_articles/article_html/2023-08-08_t20231130_8132124.html,ok,collect_date_missing
https://www.agri.cn/sj/jcyj/202311/t20231130_8132123.htm,7月份第4周畜产品和饲料集贸市场价格情况,2023-08-01,7月第4周,,14.76,元/公斤,2.99,元/公斤,4.49,元/公斤,31.28,元/公斤,3.87,元/公斤,table,data/raw/agri_weekly_articles/article_text/2023-08-01_t20231130_8132123.txt,data/raw/agri_weekly_articles/article_html/2023-08-01_t20231130_8132123.html,ok,collect_date_missing
https://www.agri.cn/sj/jcyj/202311/t20231130_8132119.htm,7月份第3周畜产品和饲料集贸市场价格情况,2023-07-25,7月第3周,,14.21,元/公斤,2.98,元/公斤,4.44,元/公斤,31.43,元/公斤,3.87,元/公斤,table,data/raw/agri_weekly_articles/article_text/2023-07-25_t20231130_8132119.txt,data/raw/agri_weekly_articles/article_html/2023-07-25_t20231130_8132119.html,ok,collect_date_missing
https://www.agri.cn/sj/jcyj/202311/t20231130_8132116.htm,7月份第2周畜产品和饲料集贸市场价格情况,2023-07-18,7月第2周,,14.19,元/公斤,2.97,元/公斤,4.39,元/公斤,31.96,元/公斤,3.86,元/公斤,table,data/raw/agri_weekly_articles/article_text/2023-07-18_t20231130_8132116.txt,data/raw/agri_weekly_articles/article_html/2023-07-18_t20231130_8132116.html,ok,collect_date_missing
https://www.agri.cn/sj/jcyj/202311/t20231130_8132113.htm,7月份第1周畜产品和饲料集贸市场价格情况,2023-07-11,7月第1周,,14.23,元/公斤,2.96,元/公斤,4.36,元/公斤,32.85,元/公斤,3.85,元/公斤,table,data/raw/agri_weekly_articles/article_text/2023-07-11_t20231130_8132113.txt,data/raw/agri_weekly_articles/article_html/2023-07-11_t20231130_8132113.html,ok,collect_date_missing
https://www.agri.cn/sj/jcyj/202311/t20231130_8132112.htm,6月份第5周畜产品和饲料集贸市场价格情况,2023-07-04,6月第5周,,14.23,元/公斤,2.93,元/公斤,4.3,元/公斤,33.5,元/公斤,3.84,元/公斤,table,data/raw/agri_weekly_articles/article_text/2023-07-04_t20231130_8132112.txt,data/raw/agri_weekly_articles/article_html/2023-07-04_t20231130_8132112.html,ok,collect_date_missing
https://www.agri.cn/sj/jcyj/202311/t20231130_8132108.htm,6月份第4周畜产品和饲料集贸市场价格情况,2023-06-27,6月第4周,,14.43,元/公斤,2.92,元/公斤,4.3,元/公斤,34.35,元/公斤,3.84,元/公斤,regex,data/raw/agri_weekly_articles/article_text/2023-06-27_t20231130_8132108.txt,data/raw/agri_weekly_articles/article_html/2023-06-27_t20231130_8132108.html,ok,collect_date_missing
https://www.agri.cn/sj/jcyj/202311/t20231130_8132106.htm,6月份第3周畜产品和饲料集贸市场价格情况,2023-06-20,6月第3周,,14.39,元/公斤,2.92,元/公斤,4.27,元/公斤,34.95,元/公斤,3.84,元/公斤,table,data/raw/agri_weekly_articles/article_text/2023-06-20_t20231130_8132106.txt,data/raw/agri_weekly_articles/article_html/2023-06-20_t20231130_8132106.html,ok,collect_date_missing
https://www.agri.cn/sj/jcyj/202311/t20231130_8132099.htm,6月份第2周畜产品和饲料集贸市场价格情况,2023-06-13,6月第2周,,14.44,元/公斤,2.91,元/公斤,4.32,元/公斤,35.74,元/公斤,3.84,元/公斤,table,data/raw/agri_weekly_articles/article_text/2023-06-13_t20231130_8132099.txt,data/raw/agri_weekly_articles/article_html/2023-06-13_t20231130_8132099.html,ok,collect_date_missing
https://www.agri.cn/sj/jcyj/202311/t20231130_8132097.htm,6月份第1周畜产品和饲料集贸市场价格情况,2023-06-06,6月第1周,,14.48,元/公斤,2.92,元/公斤,4.39,元/公斤,36.29,元/公斤,3.85,元/公斤,table,data/raw/agri_weekly_articles/article_text/2023-06-06_t20231130_8132097.txt,data/raw/agri_weekly_articles/article_html/2023-06-06_t20231130_8132097.html,ok,collect_date_missing
https://www.agri.cn/sj/jcyj/202311/t20231130_8132096.htm,5月份第4周畜产品和饲料集贸市场价格情况,2023-05-30,5月第4周,,14.47,元/公斤,2.92,元/公斤,4.5,元/公斤,36.41,元/公斤,3.87,元/公斤,table,data/raw/agri_weekly_articles/article_text/2023-05-30_t20231130_8132096.txt,data/raw/agri_weekly_articles/article_html/2023-05-30_t20231130_8132096.html,ok,collect_date_missing
https://www.agri.cn/sj/jcyj/202311/t20231130_8132089.htm,5月份第3周畜产品和饲料集贸市场价格情况,2023-05-23,5月第3周,,14.51,元/公斤,2.93,元/公斤,4.56,元/公斤,36.49,元/公斤,3.87,元/公斤,table,data/raw/agri_weekly_articles/article_text/2023-05-23_t20231130_8132089.txt,data/raw/agri_weekly_articles/article_html/2023-05-23_t20231130_8132089.html,ok,collect_date_missing
https://www.agri.cn/sj/jcyj/202311/t20231130_8132087.htm,5月份第2周畜产品和饲料集贸市场价格情况,2023-05-16,5月第2周,,14.58,元/公斤,2.94,元/公斤,4.56,元/公斤,36.61,元/公斤,3.87,元/公斤,table,data/raw/agri_weekly_articles/article_text/2023-05-16_t20231130_8132087.txt,data/raw/agri_weekly_articles/article_html/2023-05-16_t20231130_8132087.html,ok,collect_date_missing
https://www.agri.cn/sj/jcyj/202311/t20231130_8132086.htm,5月份第1周畜产品和饲料集贸市场价格情况,2023-05-09,5月第1周,,14.68,元/公斤,2.94,元/公斤,4.48,元/公斤,36.7,元/公斤,3.86,元/公斤,table,data/raw/agri_weekly_articles/article_text/2023-05-09_t20231130_8132086.txt,data/raw/agri_weekly_articles/article_html/2023-05-09_t20231130_8132086.html,ok,collect_date_missing
https://www.agri.cn/sj/jcyj/202311/t20231130_8132081.htm,4月份第3周畜产品和饲料集贸市场价格情况,2023-04-25,4月第3周,,14.36,元/公斤,2.94,元/公斤,4.49,元/公斤,36.52,元/公斤,3.87,元/公斤,table,data/raw/agri_weekly_articles/article_text/2023-04-25_t20231130_8132081.txt,data/raw/agri_weekly_articles/article_html/2023-04-25_t20231130_8132081.html,ok,collect_date_missing
https://www.agri.cn/sj/jcyj/202311/t20231130_8132076.htm,4月份第2周畜产品和饲料集贸市场价格情况,2023-04-18,4月第2周,,14.63,元/公斤,2.94,元/公斤,4.35,元/公斤,36.89,元/公斤,3.86,元/公斤,table,data/raw/agri_weekly_articles/article_text/2023-04-18_t20231130_8132076.txt,data/raw/agri_weekly_articles/article_html/2023-04-18_t20231130_8132076.html,ok,collect_date_missing
https://www.agri.cn/sj/jcyj/202311/t20231130_8132072.htm,4月份第1周畜产品和饲料集贸市场价格情况,2023-04-11,4月第1周,2023-04-05,14.9,元/公斤,2.95,元/公斤,4.36,元/公斤,37.41,元/公斤,3.88,元/公斤,table,data/raw/agri_weekly_articles/article_text/2023-04-11_t20231130_8132072.txt,data/raw/agri_weekly_articles/article_html/2023-04-11_t20231130_8132072.html,ok,
https://www.agri.cn/sj/jcyj/202311/t20231130_8132070.htm,3月份第5周畜产品和饲料集贸市场价格情况,2023-04-04,3月第5周,,15.18,元/公斤,2.97,元/公斤,4.36,元/公斤,37.92,元/公斤,3.89,元/公斤,table,data/raw/agri_weekly_articles/article_text/2023-04-04_t20231130_8132070.txt,data/raw/agri_weekly_articles/article_html/2023-04-04_t20231130_8132070.html,ok,collect_date_missing
https://www.agri.cn/sj/jcyj/202311/t20231130_8132069.htm,3月份第4周畜产品和饲料集贸市场价格情况,2023-03-28,3月第4周,,15.4,元/公斤,2.98,元/公斤,4.5,元/公斤,38.09,元/公斤,3.91,元/公斤,table,data/raw/agri_weekly_articles/article_text/2023-03-28_t20231130_8132069.txt,data/raw/agri_weekly_articles/article_html/2023-03-28_t20231130_8132069.html,ok,collect_date_missing
https://www.agri.cn/sj/jcyj/202311/t20231130_8132065.htm,3月份第3周畜产品和饲料集贸市场价格情况,2023-03-21,3月第3周,,15.53,元/公斤,2.99,元/公斤,4.63,元/公斤,38.04,元/公斤,3.94,元/公斤,table,data/raw/agri_weekly_articles/article_text/2023-03-21_t20231130_8132065.txt,data/raw/agri_weekly_articles/article_html/2023-03-21_t20231130_8132065.html,ok,collect_date_missing
https://www.agri.cn/sj/jcyj/202311/t20231130_8132060.htm,3月份第2周畜产品和饲料集贸市场价格情况,2023-03-14,3月第2周,,15.95,元/公斤,3.0,元/公斤,4.71,元/公斤,37.67,元/公斤,3.95,元/公斤,table,data/raw/agri_weekly_articles/article_text/2023-03-14_t20231130_8132060.txt,data/raw/agri_weekly_articles/article_html/2023-03-14_t20231130_8132060.html,ok,collect_date_missing
https://www.agri.cn/sj/jcyj/202311/t20231130_8132058.htm,3月份第1周畜产品和饲料集贸市场价格情况,2023-03-07,3月第1周,,15.93,元/公斤,3.0,元/公斤,4.79,元/公斤,36.86,元/公斤,3.96,元/公斤,table,data/raw/agri_weekly_articles/article_text/2023-03-07_t20231130_8132058.txt,data/raw/agri_weekly_articles/article_html/2023-03-07_t20231130_8132058.html,ok,collect_date_missing
https://www.agri.cn/sj/jcyj/202311/t20231130_8132057.htm,2月份第4周畜产品和饲料集贸市场价格情况,2023-03-01,2月第4周,,15.54,元/公斤,3.02,元/公斤,4.88,元/公斤,35.42,元/公斤,3.97,元/公斤,table,data/raw/agri_weekly_articles/article_text/2023-03-01_t20231130_8132057.txt,data/raw/agri_weekly_articles/article_html/2023-03-01_t20231130_8132057.html,ok,collect_date_missing
https://www.agri.cn/sj/jcyj/202311/t20231130_8132053.htm,2月份第3周畜产品和饲料集贸市场价格情况,2023-02-21,2月第3周,,15.12,元/公斤,3.02,元/公斤,4.92,元/公斤,34.13,元/公斤,4.02,元/公斤,table,data/raw/agri_weekly_articles/article_text/2023-02-21_t20231130_8132053.txt,data/raw/agri_weekly_articles/article_html/2023-02-21_t20231130_8132053.html,ok,collect_date_missing
https://www.agri.cn/sj/jcyj/202311/t20231130_8132050.htm,2月份第2周畜产品和饲料集贸市场价格情况,2023-02-14,2月第2周,,14.92,元/公斤,3.02,元/公斤,4.94,元/公斤,33.45,元/公斤,4.03,元/公斤,table,data/raw/agri_weekly_articles/article_text/2023-02-14_t20231130_8132050.txt,data/raw/agri_weekly_articles/article_html/2023-02-14_t20231130_8132050.html,ok,collect_date_missing
https://www.agri.cn/sj/jcyj/202311/t20231130_8132049.htm,2月份第1周畜产品和饲料集贸市场价格情况,2023-02-07,2月第1周,,15.13,元/公斤,3.03,元/公斤,4.95,元/公斤,33.24,元/公斤,4.03,元/公斤,table,data/raw/agri_weekly_articles/article_text/2023-02-07_t20231130_8132049.txt,data/raw/agri_weekly_articles/article_html/2023-02-07_t20231130_8132049.html,ok,collect_date_missing
https://www.agri.cn/sj/jcyj/202311/t20231130_8132041.htm,1月份第2周畜产品和饲料集贸市场价格情况,2023-01-17,1月第2周,,16.29,元/公斤,3.03,元/公斤,4.97,元/公斤,35.33,元/公斤,4.04,元/公斤,table,data/raw/agri_weekly_articles/article_text/2023-01-17_t20231130_8132041.txt,data/raw/agri_weekly_articles/article_html/2023-01-17_t20231130_8132041.html,ok,collect_date_missing
https://www.agri.cn/sj/jcyj/202311/t20231130_8132039.htm,1月份第1周畜产品和饲料集贸市场价格情况,2023-01-10,1月第1周,,17.29,元/公斤,3.04,元/公斤,5.04,元/公斤,36.23,元/公斤,4.05,元/公斤,table,data/raw/agri_weekly_articles/article_text/2023-01-10_t20231130_8132039.txt,data/raw/agri_weekly_articles/article_html/2023-01-10_t20231130_8132039.html,ok,collect_date_missing
https://www.agri.cn/sj/jcyj/202311/t20231130_8132037.htm,12月份第5周畜产品和饲料集贸市场价格情况,2023-01-04,12月第5周,,18.66,元/公斤,3.05,元/公斤,5.07,元/公斤,37.94,元/公斤,4.06,元/公斤,table,data/raw/agri_weekly_articles/article_text/2023-01-04_t20231130_8132037.txt,data/raw/agri_weekly_articles/article_html/2023-01-04_t20231130_8132037.html,ok,collect_date_missing
https://www.agri.cn/sj/jcyj/202311/t20231130_8132035.htm,12月份第4周畜产品和饲料集贸市场价格情况,2022-12-27,12月第4周,,18.91,元/公斤,3.06,元/公斤,5.11,元/公斤,38.84,元/公斤,4.07,元/公斤,table,data/raw/agri_weekly_articles/article_text/2022-12-27_t20231130_8132035.txt,data/raw/agri_weekly_articles/article_html/2022-12-27_t20231130_8132035.html,ok,collect_date_missing
https://www.agri.cn/sj/jcyj/202311/t20231130_8132033.htm,12月份第3周畜产品和饲料集贸市场价格情况,2022-12-20,12月第3周,,21.43,元/公斤,3.07,元/公斤,5.21,元/公斤,41.18,元/公斤,4.09,元/公斤,table,data/raw/agri_weekly_articles/article_text/2022-12-20_t20231130_8132033.txt,data/raw/agri_weekly_articles/article_html/2022-12-20_t20231130_8132033.html,ok,collect_date_missing
https://www.agri.cn/sj/jcyj/202311/t20231130_8132028.htm,12月份第2周畜产品和饲料集贸市场价格情况,2022-12-13,12月第2周,,23.46,元/公斤,3.07,元/公斤,5.29,元/公斤,43.09,元/公斤,4.09,元/公斤,table,data/raw/agri_weekly_articles/article_text/2022-12-13_t20231130_8132028.txt,data/raw/agri_weekly_articles/article_html/2022-12-13_t20231130_8132028.html,ok,collect_date_missing
https://www.agri.cn/sj/jcyj/202311/t20231130_8132027.htm,12月份第1周畜产品和饲料集贸市场价格情况,2022-12-06,12月第1周,,23.65,元/公斤,3.07,元/公斤,5.43,元/公斤,43.94,元/公斤,4.1,元/公斤,table,data/raw/agri_weekly_articles/article_text/2022-12-06_t20231130_8132027.txt,data/raw/agri_weekly_articles/article_html/2022-12-06_t20231130_8132027.html,ok,collect_date_missing
https://www.agri.cn/sj/jcyj/202311/t20231130_8132025.htm,11月份第4周畜产品和饲料集贸市场价格情况,2022-11-29,11月第4周,,24.69,元/公斤,3.05,元/公斤,5.47,元/公斤,45.08,元/公斤,4.09,元/公斤,table,data/raw/agri_weekly_articles/article_text/2022-11-29_t20231130_8132025.txt,data/raw/agri_weekly_articles/article_html/2022-11-29_t20231130_8132025.html,ok,collect_date_missing
https://www.agri.cn/sj/jcyj/202311/t20231130_8132021.htm,11月份第3周畜产品和饲料集贸市场价格情况,2022-11-21,11月第3周,,25.48,元/公斤,3.04,元/公斤,5.58,元/公斤,45.85,元/公斤,4.1,元/公斤,table,data/raw/agri_weekly_articles/article_text/2022-11-21_t20231130_8132021.txt,data/raw/agri_weekly_articles/article_html/2022-11-21_t20231130_8132021.html,ok,collect_date_missing
https://www.agri.cn/sj/jcyj/202311/t20231130_8132018.htm,11月份第2周畜产品和饲料集贸市场价格情况,2022-11-15,11月第2周,,26.24,元/公斤,3.04,元/公斤,5.56,元/公斤,46.39,元/公斤,4.09,元/公斤,table,data/raw/agri_weekly_articles/article_text/2022-11-15_t20231130_8132018.txt,data/raw/agri_weekly_articles/article_html/2022-11-15_t20231130_8132018.html,ok,collect_date_missing
https://www.agri.cn/sj/jcyj/202311/t20231130_8132015.htm,11月份第1周畜产品和饲料集贸市场价格情况,2022-11-08,11月第1周,,26.87,元/公斤,3.04,元/公斤,5.49,元/公斤,46.78,元/公斤,4.07,元/公斤,table,data/raw/agri_weekly_articles/article_text/2022-11-08_t20231130_8132015.txt,data/raw/agri_weekly_articles/article_html/2022-11-08_t20231130_8132015.html,ok,collect_date_missing
https://www.agri.cn/sj/jcyj/202311/t20231130_8132013.htm,10月份第4周畜产品和饲料集贸市场价格情况,2022-11-01,10月第4周,,27.66,元/公斤,3.04,元/公斤,5.42,元/公斤,46.96,元/公斤,4.06,元/公斤,table,data/raw/agri_weekly_articles/article_text/2022-11-01_t20231130_8132013.txt,data/raw/agri_weekly_articles/article_html/2022-11-01_t20231130_8132013.html,ok,collect_date_missing
https://www.agri.cn/sj/jcyj/202311/t20231130_8132011.htm,10月份第3周畜产品和饲料集贸市场价格情况,2022-10-25,10月第3周,,27.46,元/公斤,3.03,元/公斤,5.37,元/公斤,46.11,元/公斤,4.04,元/公斤,table,data/raw/agri_weekly_articles/article_text/2022-10-25_t20231130_8132011.txt,data/raw/agri_weekly_articles/article_html/2022-10-25_t20231130_8132011.html,ok,collect_date_missing
https://www.agri.cn/sj/jcyj/202311/t20231130_8132006.htm,10月份第2周畜产品和饲料集贸市场价格情况,2022-10-18,10月第2周,,26.12,元/公斤,3.02,元/公斤,5.22,元/公斤,44.96,元/公斤,4.01,元/公斤,table,data/raw/agri_weekly_articles/article_text/2022-10-18_t20231130_8132006.txt,data/raw/agri_weekly_articles/article_html/2022-10-18_t20231130_8132006.html,ok,collect_date_missing
https://www.agri.cn/sj/jcyj/202311/t20231130_8132005.htm,10月份第1周畜产品和饲料集贸市场价格情况,2022-10-11,10月第1周,,25.33,元/公斤,3.01,元/公斤,5.13,元/公斤,44.46,元/公斤,3.99,元/公斤,table,data/raw/agri_weekly_articles/article_text/2022-10-11_t20231130_8132005.txt,data/raw/agri_weekly_articles/article_html/2022-10-11_t20231130_8132005.html,ok,collect_date_missing
https://www.agri.cn/sj/jcyj/202311/t20231130_8131998.htm,9月份第3周畜产品和饲料集贸市场价格情况,2022-09-20,9月第3周,,23.44,元/公斤,3.0,元/公斤,4.75,元/公斤,44.09,元/公斤,3.91,元/公斤,table,data/raw/agri_weekly_articles/article_text/2022-09-20_t20231130_8131998.txt,data/raw/agri_weekly_articles/article_html/2022-09-20_t20231130_8131998.html,ok,collect_date_missing
https://www.agri.cn/sj/jcyj/202311/t20231130_8131996.htm,9月份第2周畜产品和饲料集贸市场价格情况,2022-09-14,9月第2周,,23.22,元/公斤,2.99,元/公斤,4.6,元/公斤,44.28,元/公斤,3.89,元/公斤,table,data/raw/agri_weekly_articles/article_text/2022-09-14_t20231130_8131996.txt,data/raw/agri_weekly_articles/article_html/2022-09-14_t20231130_8131996.html,ok,collect_date_missing
https://www.agri.cn/sj/jcyj/202311/t20231130_8131995.htm,9月份第1周畜产品和饲料集贸市场价格情况,2022-09-06,9月第1周,,22.76,元/公斤,2.98,元/公斤,4.53,元/公斤,44.31,元/公斤,3.88,元/公斤,table,data/raw/agri_weekly_articles/article_text/2022-09-06_t20231130_8131995.txt,data/raw/agri_weekly_articles/article_html/2022-09-06_t20231130_8131995.html,ok,collect_date_missing
https://www.agri.cn/sj/jcyj/202311/t20231130_8131992.htm,8月份第4周畜产品和饲料集贸市场价格情况,2022-08-30,8月第4周,,21.97,元/公斤,2.98,元/公斤,4.49,元/公斤,44.3,元/公斤,3.87,元/公斤,table,data/raw/agri_weekly_articles/article_text/2022-08-30_t20231130_8131992.txt,data/raw/agri_weekly_articles/article_html/2022-08-30_t20231130_8131992.html,ok,collect_date_missing
https://www.agri.cn/sj/jcyj/202311/t20231130_8131990.htm,8月份第3周畜产品和饲料集贸市场价格情况,2022-08-23,8月第3周,,21.56,元/公斤,2.98,元/公斤,4.42,元/公斤,44.5,元/公斤,3.86,元/公斤,table,data/raw/agri_weekly_articles/article_text/2022-08-23_t20231130_8131990.txt,data/raw/agri_weekly_articles/article_html/2022-08-23_t20231130_8131990.html,ok,collect_date_missing
https://www.agri.cn/sj/jcyj/202311/t20231130_8131987.htm,8月份第2周畜产品和饲料集贸市场价格情况,2022-08-16,8月第2周,,21.52,元/公斤,2.99,元/公斤,4.41,元/公斤,44.68,元/公斤,3.86,元/公斤,table,data/raw/agri_weekly_articles/article_text/2022-08-16_t20231130_8131987.txt,data/raw/agri_weekly_articles/article_html/2022-08-16_t20231130_8131987.html,ok,collect_date_missing
https://www.agri.cn/sj/jcyj/202311/t20231130_8131984.htm,8月份第1周畜产品和饲料集贸市场价格情况,2022-08-09,8月第1周,,21.68,元/公斤,2.99,元/公斤,4.4,元/公斤,44.95,元/公斤,3.86,元/公斤,table,data/raw/agri_weekly_articles/article_text/2022-08-09_t20231130_8131984.txt,data/raw/agri_weekly_articles/article_html/2022-08-09_t20231130_8131984.html,ok,collect_date_missing
https://www.agri.cn/sj/jcyj/202311/t20231130_8131983.htm,7月份第4周畜产品和饲料集贸市场价格情况,2022-08-02,7月第4周,,21.7,元/公斤,3.0,元/公斤,4.38,元/公斤,44.95,元/公斤,3.87,元/公斤,table,data/raw/agri_weekly_articles/article_text/2022-08-02_t20231130_8131983.txt,data/raw/agri_weekly_articles/article_html/2022-08-02_t20231130_8131983.html,ok,collect_date_missing
