article_url,title,publish_date,week_label,collect_date,live_hog_price,live_hog_price_unit,corn_price,corn_price_unit,soymeal_price,soymeal_price_unit,parsing_method,raw_text_path,raw_html_path,validation_flag,validation_notes
https://www.moa.gov.cn/gk/jcyj/xm/201506/t20150625_4718289.htm,6月份第3周畜产品和饲料集贸市场价格情况,2015-06-23,6月第3周,2015-06-17,14.82,元/公斤,2.46,元/公斤,3.3,元/公斤,table,data/raw/moa_xm_weekly_articles/article_text/2015-06-23_t20150625_4718289.txt,data/raw/moa_xm_weekly_articles/article_html/2015-06-23_t20150625_4718289.html,ok,
https://www.moa.gov.cn/gk/jcyj/xm/201506/t20150610_4698104.htm,6月份第1周畜产品和饲料集贸市场价格情况,2015-06-09,6月第1周,2015-06-03,14.39,元/公斤,2.47,元/公斤,3.39,元/公斤,table,data/raw/moa_xm_weekly_articles/article_text/2015-06-09_t20150610_4698104.txt,data/raw/moa_xm_weekly_articles/article_html/2015-06-09_t20150610_4698104.html,ok,
https://www.moa.gov.cn/gk/jcyj/xm/201506/t20150605_4635692.htm,5月份第4周畜产品和饲料集贸市场价格情况,2015-06-02,5月第4周,2015-05-27,14.24,元/公斤,2.46,元/公斤,3.43,元/公斤,table,data/raw/moa_xm_weekly_articles/article_text/2015-06-02_t20150605_4635692.txt,data/raw/moa_xm_weekly_articles/article_html/2015-06-02_t20150605_4635692.html,ok,
https://www.moa.gov.cn/gk/jcyj/xm/201505/t20150527_4618070.htm,5月份第3周畜产品和饲料集贸市场价格情况,2015-05-26,5月第3周,2015-05-20,14.05,元/公斤,2.46,元/公斤,3.46,元/公斤,table,data/raw/moa_xm_weekly_articles/article_text/2015-05-26_t20150527_4618070.txt,data/raw/moa_xm_weekly_articles/article_html/2015-05-26_t20150527_4618070.html,ok,
https://www.moa.gov.cn/gk/jcyj/xm/201505/t20150519_4603353.htm,5月份第2周畜产品和饲料集贸市场价格情况,2015-05-19,5月第2周,2015-05-13,13.82,元/公斤,2.46,元/公斤,3.48,元/公斤,table,data/raw/moa_xm_weekly_articles/article_text/2015-05-19_t20150519_4603353.txt,data/raw/moa_xm_weekly_articles/article_html/2015-05-19_t20150519_4603353.html,ok,
https://www.moa.gov.cn/gk/jcyj/xm/201505/t20150512_4590577.htm,5月份第1周畜产品和饲料集贸市场价格情况,2015-05-12,5月第1周,2015-05-06,13.58,元/公斤,2.45,元/公斤,3.5,元/公斤,table,data/raw/moa_xm_weekly_articles/article_text/2015-05-12_t20150512_4590577.txt,data/raw/moa_xm_weekly_articles/article_html/2015-05-12_t20150512_4590577.html,ok,
https://www.moa.gov.cn/gk/jcyj/xm/201505/t20150505_4579352.htm,4月份最后一周畜产品和饲料集贸市场价格情况,2015-05-05,4月最后一周,2015-04-29,13.4,元/公斤,2.44,元/公斤,3.51,元/公斤,table,data/raw/moa_xm_weekly_articles/article_text/2015-05-05_t20150505_4579352.txt,data/raw/moa_xm_weekly_articles/article_html/2015-05-05_t20150505_4579352.html,ok,
https://www.moa.gov.cn/gk/jcyj/xm/201504/t20150428_4566082.htm,4月份第4周畜产品和饲料集贸市场价格情况,2015-04-28,4月第4周,2015-04-22,13.11,元/公斤,2.44,元/公斤,3.52,元/公斤,table,data/raw/moa_xm_weekly_articles/article_text/2015-04-28_t20150428_4566082.txt,data/raw/moa_xm_weekly_articles/article_html/2015-04-28_t20150428_4566082.html,ok,
https://www.moa.gov.cn/gk/jcyj/xm/201504/t20150421_4537916.htm,4月份第3周畜产品和饲料集贸市场价格情况,2015-04-21,4月第3周,2015-04-15,12.8,元/公斤,2.44,元/公斤,3.54,元/公斤,table,data/raw/moa_xm_weekly_articles/article_text/2015-04-21_t20150421_4537916.txt,data/raw/moa_xm_weekly_articles/article_html/2015-04-21_t20150421_4537916.html,ok,
https://www.moa.gov.cn/gk/jcyj/xm/201504/t20150414_4525811.htm,4月份第2周畜产品和饲料集贸市场价格情况,2015-04-14,4月第2周,2015-04-08,12.68,元/公斤,2.44,元/公斤,3.56,元/公斤,table,data/raw/moa_xm_weekly_articles/article_text/2015-04-14_t20150414_4525811.txt,data/raw/moa_xm_weekly_articles/article_html/2015-04-14_t20150414_4525811.html,ok,
https://www.moa.gov.cn/gk/jcyj/xm/201504/t20150407_4491838.htm,4月份第1周畜产品和饲料集贸市场价格情况,2015-04-07,4月第1周,2015-04-01,12.56,元/公斤,2.43,元/公斤,3.57,元/公斤,table,data/raw/moa_xm_weekly_articles/article_text/2015-04-07_t20150407_4491838.txt,data/raw/moa_xm_weekly_articles/article_html/2015-04-07_t20150407_4491838.html,ok,
https://www.moa.gov.cn/gk/jcyj/xm/201504/t20150401_4467727.htm,3月份第4周畜产品和饲料集贸市场价格情况,2015-03-31,3月第4周,2015-03-25,12.29,元/公斤,2.43,元/公斤,3.58,元/公斤,table,data/raw/moa_xm_weekly_articles/article_text/2015-03-31_t20150401_4467727.txt,data/raw/moa_xm_weekly_articles/article_html/2015-03-31_t20150401_4467727.html,ok,
https://www.moa.gov.cn/gk/jcyj/xm/201503/t20150324_4455035.htm,3月份第3周畜产品和饲料集贸市场价格情况,2015-03-24,3月第3周,2015-03-18,12.16,元/公斤,2.41,元/公斤,3.58,元/公斤,table,data/raw/moa_xm_weekly_articles/article_text/2015-03-24_t20150324_4455035.txt,data/raw/moa_xm_weekly_articles/article_html/2015-03-24_t20150324_4455035.html,ok,
https://www.moa.gov.cn/gk/jcyj/xm/201503/t20150317_4442958.htm,3月份第2周畜产品和饲料集贸市场价格情况,2015-03-17,3月第2周,2015-03-11,12.23,元/公斤,2.41,元/公斤,3.59,元/公斤,table,data/raw/moa_xm_weekly_articles/article_text/2015-03-17_t20150317_4442958.txt,data/raw/moa_xm_weekly_articles/article_html/2015-03-17_t20150317_4442958.html,ok,
https://www.moa.gov.cn/gk/jcyj/xm/201503/t20150310_4432576.htm,3月份第1周畜产品和饲料集贸市场价格情况,2015-03-10,3月第1周,2015-03-04,12.4,元/公斤,2.41,元/公斤,3.6,元/公斤,table,data/raw/moa_xm_weekly_articles/article_text/2015-03-10_t20150310_4432576.txt,data/raw/moa_xm_weekly_articles/article_html/2015-03-10_t20150310_4432576.html,ok,
https://www.moa.gov.cn/gk/jcyj/xm/201503/t20150302_4421939.htm,2月份第4周畜产品和饲料集贸市场价格情况,2015-03-03,2月第4周,2015-02-25,12.56,元/公斤,2.41,元/公斤,3.59,元/公斤,table,data/raw/moa_xm_weekly_articles/article_text/2015-03-03_t20150302_4421939.txt,data/raw/moa_xm_weekly_articles/article_html/2015-03-03_t20150302_4421939.html,ok,
https://www.moa.gov.cn/gk/jcyj/xm/201502/t20150226_4416706.htm,2月份第3周畜产品和饲料集贸市场价格情况,2015-02-24,2月第3周,2015-02-17,12.62,元/公斤,2.41,元/公斤,3.59,元/公斤,table,data/raw/moa_xm_weekly_articles/article_text/2015-02-24_t20150226_4416706.txt,data/raw/moa_xm_weekly_articles/article_html/2015-02-24_t20150226_4416706.html,ok,
https://www.moa.gov.cn/gk/jcyj/xm/201502/t20150215_4411044.htm,2015年2月份第2周畜产品和饲料集贸市场价格情况,2015-02-16,2月第2周,2015-02-11,12.68,元/公斤,2.4,元/公斤,3.59,元/公斤,table,data/raw/moa_xm_weekly_articles/article_text/2015-02-16_t20150215_4411044.txt,data/raw/moa_xm_weekly_articles/article_html/2015-02-16_t20150215_4411044.html,ok,
https://www.moa.gov.cn/gk/jcyj/xm/201502/t20150211_4403695.htm,2015年2月份第1周畜产品和饲料集贸市场价格情况,2015-02-10,2月第1周,2015-02-04,12.99,元/公斤,2.41,元/公斤,3.62,元/公斤,table,data/raw/moa_xm_weekly_articles/article_text/2015-02-10_t20150211_4403695.txt,data/raw/moa_xm_weekly_articles/article_html/2015-02-10_t20150211_4403695.html,ok,
https://www.moa.gov.cn/gk/jcyj/xm/201502/t20150202_4392280.htm,2015年1月份第4周畜产品和饲料集贸市场价格情况,2015-02-03,1月第4周,2015-01-28,13.2,元/公斤,2.41,元/公斤,3.67,元/公斤,table,data/raw/moa_xm_weekly_articles/article_text/2015-02-03_t20150202_4392280.txt,data/raw/moa_xm_weekly_articles/article_html/2015-02-03_t20150202_4392280.html,ok,
https://www.moa.gov.cn/gk/jcyj/xm/201501/t20150127_4353460.htm,2015年1月份第3周畜产品和饲料集贸市场价格情况,2015-01-27,1月第3周,2015-01-21,13.39,元/公斤,2.42,元/公斤,3.71,元/公斤,table,data/raw/moa_xm_weekly_articles/article_text/2015-01-27_t20150127_4353460.txt,data/raw/moa_xm_weekly_articles/article_html/2015-01-27_t20150127_4353460.html,ok,
https://www.moa.gov.cn/gk/jcyj/xm/201501/t20150120_4342513.htm,2015年1月份第2周畜产品和饲料集贸市场价格情况,2015-01-20,1月第2周,2015-01-14,13.47,元/公斤,2.43,元/公斤,3.76,元/公斤,table,data/raw/moa_xm_weekly_articles/article_text/2015-01-20_t20150120_4342513.txt,data/raw/moa_xm_weekly_articles/article_html/2015-01-20_t20150120_4342513.html,ok,
https://www.moa.gov.cn/gk/jcyj/xm/201501/t20150112_4331676.htm,2015年1月份第1周畜产品和饲料集贸市场价格情况,2015-01-13,1月第1周,2015-01-07,13.47,元/公斤,2.44,元/公斤,3.79,元/公斤,table,data/raw/moa_xm_weekly_articles/article_text/2015-01-13_t20150112_4331676.txt,data/raw/moa_xm_weekly_articles/article_html/2015-01-13_t20150112_4331676.html,ok,
https://www.moa.gov.cn/gk/jcyj/xm/201501/t20150106_4323974.htm,2014年12月份最后一周畜产品和饲料集贸市场价格情况,2015-01-06,12月最后一周,2015-12-31,13.52,元/公斤,2.45,元/公斤,3.82,元/公斤,table,data/raw/moa_xm_weekly_articles/article_text/2015-01-06_t20150106_4323974.txt,data/raw/moa_xm_weekly_articles/article_html/2015-01-06_t20150106_4323974.html,ok,
https://www.moa.gov.cn/gk/jcyj/xm/201412/t20141229_4314615.htm,2014年12月份第4周畜产品和饲料集贸市场价格情况,2014-12-30,12月第4周,2014-12-24,13.7,元/公斤,2.46,元/公斤,3.84,元/公斤,table,data/raw/moa_xm_weekly_articles/article_text/2014-12-30_t20141229_4314615.txt,data/raw/moa_xm_weekly_articles/article_html/2014-12-30_t20141229_4314615.html,ok,
https://www.moa.gov.cn/gk/jcyj/xm/201412/t20141224_4307643.htm,2014年12月份第3周畜产品和饲料集贸市场价格情况,2014-12-23,12月第3周,2014-12-17,13.86,元/公斤,2.47,元/公斤,3.87,元/公斤,table,data/raw/moa_xm_weekly_articles/article_text/2014-12-23_t20141224_4307643.txt,data/raw/moa_xm_weekly_articles/article_html/2014-12-23_t20141224_4307643.html,ok,
https://www.moa.gov.cn/gk/jcyj/xm/201412/t20141216_4295524.htm,2014年12月份第2周畜产品和饲料集贸市场价格情况,2014-12-16,12月第2周,2014-12-10,13.97,元/公斤,2.48,元/公斤,3.88,元/公斤,table,data/raw/moa_xm_weekly_articles/article_text/2014-12-16_t20141216_4295524.txt,data/raw/moa_xm_weekly_articles/article_html/2014-12-16_t20141216_4295524.html,ok,
https://www.moa.gov.cn/gk/jcyj/xm/201412/t20141208_4285327.htm,2014年12月份第1周畜产品和饲料集贸市场价格情况,2014-12-09,12月第1周,2014-12-03,14.0,元/公斤,2.49,元/公斤,3.9,元/公斤,table,data/raw/moa_xm_weekly_articles/article_text/2014-12-09_t20141208_4285327.txt,data/raw/moa_xm_weekly_articles/article_html/2014-12-09_t20141208_4285327.html,ok,
https://www.moa.gov.cn/gk/jcyj/xm/201412/t20141202_4262864.htm,2014年11月第4周畜产品和饲料集贸市场价格情况,2014-12-02,11月第4周,2014-11-26,14.07,元/公斤,2.49,元/公斤,3.92,元/公斤,table,data/raw/moa_xm_weekly_articles/article_text/2014-12-02_t20141202_4262864.txt,data/raw/moa_xm_weekly_articles/article_html/2014-12-02_t20141202_4262864.html,ok,
https://www.moa.gov.cn/gk/jcyj/xm/201411/t20141124_4250015.htm,2014年11月第3周畜产品和饲料集贸市场价格情况,2014-11-25,11月第3周,2014-11-19,14.13,元/公斤,2.5,元/公斤,3.94,元/公斤,table,data/raw/moa_xm_weekly_articles/article_text/2014-11-25_t20141124_4250015.txt,data/raw/moa_xm_weekly_articles/article_html/2014-11-25_t20141124_4250015.html,ok,
https://www.moa.gov.cn/gk/jcyj/xm/201411/t20141119_4212901.htm,2014年11月第2周畜产品和饲料集贸市场价格情况,2014-11-18,11月第2周,2014-11-12,14.1,元/公斤,2.51,元/公斤,3.94,元/公斤,table,data/raw/moa_xm_weekly_articles/article_text/2014-11-18_t20141119_4212901.txt,data/raw/moa_xm_weekly_articles/article_html/2014-11-18_t20141119_4212901.html,ok,
https://www.moa.gov.cn/gk/jcyj/xm/201411/t20141113_4138799.htm,2014年11月份第1周畜产品和饲料集贸市场价格情况,2014-11-11,11月第1周,2014-11-05,14.04,元/公斤,2.53,元/公斤,3.93,元/公斤,table,data/raw/moa_xm_weekly_articles/article_text/2014-11-11_t20141113_4138799.txt,data/raw/moa_xm_weekly_articles/article_html/2014-11-11_t20141113_4138799.html,ok,
https://www.moa.gov.cn/gk/jcyj/xm/201405/t20140513_3901830.htm,2014年5月份第1周畜产品和饲料集贸市场价格情况,2014-05-13,5月第1周,2014-05-07,11.68,元/公斤,2.38,元/公斤,4.11,元/公斤,table,data/raw/moa_xm_weekly_articles/article_text/2014-05-13_t20140513_3901830.txt,data/raw/moa_xm_weekly_articles/article_html/2014-05-13_t20140513_3901830.html,ok,
https://www.moa.gov.cn/gk/jcyj/xm/201405/t20140505_3892325.htm,2014年4月份最后一周畜产品和饲料集贸市场价格情况,2014-05-05,4月最后一周,2014-04-30,11.0,元/公斤,2.36,元/公斤,4.07,元/公斤,table,data/raw/moa_xm_weekly_articles/article_text/2014-05-05_t20140505_3892325.txt,data/raw/moa_xm_weekly_articles/article_html/2014-05-05_t20140505_3892325.html,ok,
https://www.moa.gov.cn/gk/jcyj/xm/201404/t20140429_3888762.htm,2014年4月份第4周畜产品和饲料集贸市场价格情况,2014-04-29,4月第4周,2014-04-23,10.97,元/公斤,2.36,元/公斤,4.05,元/公斤,table,data/raw/moa_xm_weekly_articles/article_text/2014-04-29_t20140429_3888762.txt,data/raw/moa_xm_weekly_articles/article_html/2014-04-29_t20140429_3888762.html,ok,
https://www.moa.gov.cn/gk/jcyj/xm/201404/t20140422_3880372.htm,2014年4月份第3周畜产品和饲料集贸市场价格情况,2014-04-22,4月第3周,2014-04-16,11.05,元/公斤,2.35,元/公斤,4.05,元/公斤,table,data/raw/moa_xm_weekly_articles/article_text/2014-04-22_t20140422_3880372.txt,data/raw/moa_xm_weekly_articles/article_html/2014-04-22_t20140422_3880372.html,ok,
https://www.moa.gov.cn/gk/jcyj/xm/201404/t20140414_3849859.htm,2014年4月份第2周畜产品和饲料集贸市场价格情况,2014-04-14,4月第2周,2014-04-09,11.21,元/公斤,2.35,元/公斤,4.05,元/公斤,table,data/raw/moa_xm_weekly_articles/article_text/2014-04-14_t20140414_3849859.txt,data/raw/moa_xm_weekly_articles/article_html/2014-04-14_t20140414_3849859.html,ok,
https://www.moa.gov.cn/gk/jcyj/xm/201404/t20140409_3844703.htm,2014年4月份第1周畜产品和饲料集贸市场价格情况,2014-04-09,4月第1周,2014-04-02,11.35,元/公斤,2.36,元/公斤,4.05,元/公斤,table,data/raw/moa_xm_weekly_articles/article_text/2014-04-09_t20140409_3844703.txt,data/raw/moa_xm_weekly_articles/article_html/2014-04-09_t20140409_3844703.html,ok,
https://www.moa.gov.cn/gk/jcyj/xm/201403/t20140331_3834963.htm,2014年3月份第4周畜产品和饲料集贸市场价格情况,2014-03-31,3月第4周,2014-03-26,11.59,元/公斤,2.36,元/公斤,4.05,元/公斤,table,data/raw/moa_xm_weekly_articles/article_text/2014-03-31_t20140331_3834963.txt,data/raw/moa_xm_weekly_articles/article_html/2014-03-31_t20140331_3834963.html,ok,
https://www.moa.gov.cn/gk/jcyj/xm/201403/t20140324_3826827.htm,2014年3月份第3周畜产品和饲料集贸市场价格情况,2014-03-24,3月第3周,2014-03-19,11.91,元/公斤,2.36,元/公斤,4.09,元/公斤,table,data/raw/moa_xm_weekly_articles/article_text/2014-03-24_t20140324_3826827.txt,data/raw/moa_xm_weekly_articles/article_html/2014-03-24_t20140324_3826827.html,ok,
https://www.moa.gov.cn/gk/jcyj/xm/201403/t20140317_3816389.htm,2014年3月份第2周畜产品和饲料集贸市场价格情况,2014-03-17,3月第2周,2014-03-12,12.19,元/公斤,2.37,元/公斤,4.14,元/公斤,table,data/raw/moa_xm_weekly_articles/article_text/2014-03-17_t20140317_3816389.txt,data/raw/moa_xm_weekly_articles/article_html/2014-03-17_t20140317_3816389.html,ok,
https://www.moa.gov.cn/gk/jcyj/xm/201403/t20140311_3810039.htm,2014年3月份第1周畜产品和饲料集贸市场价格情况,2014-03-11,3月第1周,2014-03-05,12.51,元/公斤,2.37,元/公斤,4.19,元/公斤,table,data/raw/moa_xm_weekly_articles/article_text/2014-03-11_t20140311_3810039.txt,data/raw/moa_xm_weekly_articles/article_html/2014-03-11_t20140311_3810039.html,ok,
https://www.moa.gov.cn/gk/jcyj/xm/201403/t20140305_3804966.htm,2014年2月份第4周畜产品和饲料集贸市场价格情况,2014-03-05,2月第4周,2014-03-05,12.51,元/公斤,2.37,元/公斤,4.19,元/公斤,table,data/raw/moa_xm_weekly_articles/article_text/2014-03-05_t20140305_3804966.txt,data/raw/moa_xm_weekly_articles/article_html/2014-03-05_t20140305_3804966.html,ok,
https://www.moa.gov.cn/gk/jcyj/xm/201402/t20140226_3797653.htm,2014年2月份第3周畜产品和饲料集贸市场价格情况,2014-02-26,2月第3周,2014-02-19,13.06,元/公斤,2.38,元/公斤,4.25,元/公斤,table,data/raw/moa_xm_weekly_articles/article_text/2014-02-26_t20140226_3797653.txt,data/raw/moa_xm_weekly_articles/article_html/2014-02-26_t20140226_3797653.html,ok,
https://www.moa.gov.cn/gk/jcyj/xm/201402/t20140218_3769006.htm,2014年2月份第2周畜产品和饲料集贸市场价格情况,2014-02-18,2月第2周,2014-02-12,13.23,元/公斤,2.38,元/公斤,4.26,元/公斤,table,data/raw/moa_xm_weekly_articles/article_text/2014-02-18_t20140218_3769006.txt,data/raw/moa_xm_weekly_articles/article_html/2014-02-18_t20140218_3769006.html,ok,
https://www.moa.gov.cn/gk/jcyj/xm/201402/t20140210_3754662.htm,2014年2月份第1周畜产品和饲料集贸市场价格情况,2014-02-10,2月第1周,2014-02-07,13.34,元/公斤,2.38,元/公斤,4.26,元/公斤,table,data/raw/moa_xm_weekly_articles/article_text/2014-02-10_t20140210_3754662.txt,data/raw/moa_xm_weekly_articles/article_html/2014-02-10_t20140210_3754662.html,ok,
https://www.moa.gov.cn/gk/jcyj/xm/201402/t20140207_3752988.htm,2014年1月份第5周畜产品和饲料集贸市场价格情况,2014-02-07,1月第5周,2014-01-29,13.43,元/公斤,2.39,元/公斤,4.26,元/公斤,table,data/raw/moa_xm_weekly_articles/article_text/2014-02-07_t20140207_3752988.txt,data/raw/moa_xm_weekly_articles/article_html/2014-02-07_t20140207_3752988.html,ok,
https://www.moa.gov.cn/gk/jcyj/xm/201401/t20140127_3750186.htm,2014年1月份第4周畜产品和饲料集贸市场价格情况,2014-01-27,1月第4周,2014-01-22,13.73,元/公斤,2.39,元/公斤,4.27,元/公斤,table,data/raw/moa_xm_weekly_articles/article_text/2014-01-27_t20140127_3750186.txt,data/raw/moa_xm_weekly_articles/article_html/2014-01-27_t20140127_3750186.html,ok,
https://www.moa.gov.cn/gk/jcyj/xm/201401/t20140120_3743497.htm,2014年1月份第3周畜产品和饲料集贸市场价格情况,2014-01-20,1月第3周,2014-01-15,14.38,元/公斤,2.39,元/公斤,4.29,元/公斤,table,data/raw/moa_xm_weekly_articles/article_text/2014-01-20_t20140120_3743497.txt,data/raw/moa_xm_weekly_articles/article_html/2014-01-20_t20140120_3743497.html,ok,
https://www.moa.gov.cn/gk/jcyj/xm/201401/t20140114_3738836.htm,2014年1月份第2周畜产品和饲料集贸市场价格情况,2014-01-14,1月第2周,2014-01-08,15.11,元/公斤,2.4,元/公斤,4.33,元/公斤,table,data/raw/moa_xm_weekly_articles/article_text/2014-01-14_t20140114_3738836.txt,data/raw/moa_xm_weekly_articles/article_html/2014-01-14_t20140114_3738836.html,ok,
https://www.moa.gov.cn/gk/jcyj/xm/201401/t20140107_3733028.htm,2014年1月份第1周畜产品和饲料集贸市场价格情况,2014-01-07,1月第1周,2014-01-01,15.63,元/公斤,2.41,元/公斤,4.37,元/公斤,table,data/raw/moa_xm_weekly_articles/article_text/2014-01-07_t20140107_3733028.txt,data/raw/moa_xm_weekly_articles/article_html/2014-01-07_t20140107_3733028.html,ok,
https://www.moa.gov.cn/gk/jcyj/xm/201312/t20131231_3727770.htm,2013年12月份第4周畜产品和饲料集贸市场价格情况,2013-12-31,12月第4周,2013-12-25,15.81,元/公斤,2.41,元/公斤,4.4,元/公斤,table,data/raw/moa_xm_weekly_articles/article_text/2013-12-31_t20131231_3727770.txt,data/raw/moa_xm_weekly_articles/article_html/2013-12-31_t20131231_3727770.html,ok,
https://www.moa.gov.cn/gk/jcyj/xm/201312/t20131224_3722038.htm,2013年12月份第3周畜产品和饲料集贸市场价格情况,2013-12-24,12月第3周,2013-12-18,15.91,元/公斤,2.41,元/公斤,4.43,元/公斤,table,data/raw/moa_xm_weekly_articles/article_text/2013-12-24_t20131224_3722038.txt,data/raw/moa_xm_weekly_articles/article_html/2013-12-24_t20131224_3722038.html,ok,
https://www.moa.gov.cn/gk/jcyj/xm/201312/t20131217_3716980.htm,2013年12月份第2周畜产品和饲料集贸市场价格情况,2013-12-17,12月第2周,2013-12-11,15.99,元/公斤,2.41,元/公斤,4.44,元/公斤,table,data/raw/moa_xm_weekly_articles/article_text/2013-12-17_t20131217_3716980.txt,data/raw/moa_xm_weekly_articles/article_html/2013-12-17_t20131217_3716980.html,ok,
https://www.moa.gov.cn/gk/jcyj/xm/201312/t20131209_3706527.htm,2013年12月份第1周畜产品和饲料集贸市场价格情况,2013-12-09,12月第1周,2013-12-04,15.98,元/公斤,2.42,元/公斤,4.46,元/公斤,table,data/raw/moa_xm_weekly_articles/article_text/2013-12-09_t20131209_3706527.txt,data/raw/moa_xm_weekly_articles/article_html/2013-12-09_t20131209_3706527.html,ok,
https://www.moa.gov.cn/gk/jcyj/xm/201312/t20131202_3694149.htm,2013年11月份第4周畜产品和饲料集贸市场价格情况,2013-12-02,11月第4周,2013-11-27,15.9,元/公斤,2.42,元/公斤,4.48,元/公斤,table,data/raw/moa_xm_weekly_articles/article_text/2013-12-02_t20131202_3694149.txt,data/raw/moa_xm_weekly_articles/article_html/2013-12-02_t20131202_3694149.html,ok,
https://www.moa.gov.cn/gk/jcyj/xm/201311/t20131119_3680420.htm,2013年11月份第2周畜产品和饲料集贸市场价格情况,2013-11-19,11月第2周,2013-11-13,15.7,元/公斤,2.43,元/公斤,4.51,元/公斤,table,data/raw/moa_xm_weekly_articles/article_text/2013-11-19_t20131119_3680420.txt,data/raw/moa_xm_weekly_articles/article_html/2013-11-19_t20131119_3680420.html,ok,
https://www.moa.gov.cn/gk/jcyj/xm/201310/t20131022_3636370.htm,2013年10月份第3周畜产品和饲料集贸市场价格情况,2013-10-22,10月第3周,2013-10-16,15.86,元/公斤,2.46,元/公斤,4.55,元/公斤,table,data/raw/moa_xm_weekly_articles/article_text/2013-10-22_t20131022_3636370.txt,data/raw/moa_xm_weekly_articles/article_html/2013-10-22_t20131022_3636370.html,ok,
https://www.moa.gov.cn/gk/jcyj/xm/201310/t20131009_3623987.htm,2013年10月份第1周畜产品和饲料集贸市场价格情况,2013-10-09,10月第1周,2013-10-02,16.0,元/公斤,2.48,元/公斤,4.48,元/公斤,table,data/raw/moa_xm_weekly_articles/article_text/2013-10-09_t20131009_3623987.txt,data/raw/moa_xm_weekly_articles/article_html/2013-10-09_t20131009_3623987.html,ok,
https://www.moa.gov.cn/gk/jcyj/xm/201309/t20130925_3616400.htm,2013年9月份第3周畜产品和饲料集贸市场价格情况,2013-09-25,9月第3周,2013-09-18,16.06,元/公斤,2.49,元/公斤,4.42,元/公斤,table,data/raw/moa_xm_weekly_articles/article_text/2013-09-25_t20130925_3616400.txt,data/raw/moa_xm_weekly_articles/article_html/2013-09-25_t20130925_3616400.html,ok,
https://www.moa.gov.cn/gk/jcyj/xm/201309/t20130918_3611112.htm,2013年9月份第2周畜产品和饲料集贸市场价格情况,2013-09-18,9月第2周,2013-09-11,16.1,元/公斤,2.49,元/公斤,4.38,元/公斤,table,data/raw/moa_xm_weekly_articles/article_text/2013-09-18_t20130918_3611112.txt,data/raw/moa_xm_weekly_articles/article_html/2013-09-18_t20130918_3611112.html,ok,
https://www.moa.gov.cn/gk/jcyj/xm/201309/t20130911_3602882.htm,2013年9月份第1周畜产品和饲料集贸市场价格情况,2013-09-11,9月第1周,2013-09-04,15.99,元/公斤,2.49,元/公斤,4.34,元/公斤,table,data/raw/moa_xm_weekly_articles/article_text/2013-09-11_t20130911_3602882.txt,data/raw/moa_xm_weekly_articles/article_html/2013-09-11_t20130911_3602882.html,ok,
https://www.moa.gov.cn/gk/jcyj/xm/201309/t20130904_3595872.htm,2013年8月份第4周畜产品和饲料集贸市场价格情况,2013-09-04,8月第4周,2013-08-25,15.89,元/公斤,2.49,元/公斤,4.29,元/公斤,table,data/raw/moa_xm_weekly_articles/article_text/2013-09-04_t20130904_3595872.txt,data/raw/moa_xm_weekly_articles/article_html/2013-09-04_t20130904_3595872.html,ok,
https://www.moa.gov.cn/gk/jcyj/xm/201308/t20130830_3591643.htm,2013年8月份第3周畜产品和饲料集贸市场价格情况,2013-08-30,8月第3周,2013-08-21,15.8,元/公斤,2.49,元/公斤,4.23,元/公斤,table,data/raw/moa_xm_weekly_articles/article_text/2013-08-30_t20130830_3591643.txt,data/raw/moa_xm_weekly_articles/article_html/2013-08-30_t20130830_3591643.html,ok,
https://www.moa.gov.cn/gk/jcyj/xm/201308/t20130821_3581594.htm,2013年8月份第2周畜产品和饲料集贸市场价格情况,2013-08-21,8月第2周,2013-08-14,15.68,元/公斤,2.49,元/公斤,4.21,元/公斤,table,data/raw/moa_xm_weekly_articles/article_text/2013-08-21_t20130821_3581594.txt,data/raw/moa_xm_weekly_articles/article_html/2013-08-21_t20130821_3581594.html,ok,
https://www.moa.gov.cn/gk/jcyj/xm/201308/t20130813_3558106.htm,2013年8月份第1周畜产品和饲料集贸市场价格情况,2013-08-13,8月第1周,2013-08-07,15.43,元/公斤,2.49,元/公斤,4.21,元/公斤,table,data/raw/moa_xm_weekly_articles/article_text/2013-08-13_t20130813_3558106.txt,data/raw/moa_xm_weekly_articles/article_html/2013-08-13_t20130813_3558106.html,ok,
https://www.moa.gov.cn/gk/jcyj/xm/201308/t20130808_3552363.htm,2013年7月份最后一周畜产品和饲料集贸市场价格情况,2013-08-08,7月最后一周,2013-07-31,15.15,元/公斤,2.49,元/公斤,4.22,元/公斤,table,data/raw/moa_xm_weekly_articles/article_text/2013-08-08_t20130808_3552363.txt,data/raw/moa_xm_weekly_articles/article_html/2013-08-08_t20130808_3552363.html,ok,
https://www.moa.gov.cn/gk/jcyj/xm/201307/t20130731_3543606.htm,2013年7月份第4周畜产品和饲料集贸市场价格情况,2013-07-31,7月第4周,2013-07-24,14.78,元/公斤,2.48,元/公斤,4.23,元/公斤,table,data/raw/moa_xm_weekly_articles/article_text/2013-07-31_t20130731_3543606.txt,data/raw/moa_xm_weekly_articles/article_html/2013-07-31_t20130731_3543606.html,ok,
https://www.moa.gov.cn/gk/jcyj/xm/201307/t20130723_3534245.htm,2013年7月份第3周畜产品和饲料集贸市场价格情况,2013-07-23,7月第3周,2013-07-17,14.47,元/公斤,2.48,元/公斤,4.23,元/公斤,table,data/raw/moa_xm_weekly_articles/article_text/2013-07-23_t20130723_3534245.txt,data/raw/moa_xm_weekly_articles/article_html/2013-07-23_t20130723_3534245.html,ok,
https://www.moa.gov.cn/gk/jcyj/xm/201307/t20130716_3526807.htm,2013年7月份第2周畜产品和饲料集贸市场价格情况,2013-07-16,7月第2周,2013-07-10,14.36,元/公斤,2.47,元/公斤,4.24,元/公斤,table,data/raw/moa_xm_weekly_articles/article_text/2013-07-16_t20130716_3526807.txt,data/raw/moa_xm_weekly_articles/article_html/2013-07-16_t20130716_3526807.html,ok,
https://www.moa.gov.cn/gk/jcyj/xm/201307/t20130710_3518147.htm,2013年7月份第1周畜产品和饲料集贸市场价格情况,2013-07-10,7月第1周,2013-07-03,14.3,元/公斤,2.46,元/公斤,4.26,元/公斤,table,data/raw/moa_xm_weekly_articles/article_text/2013-07-10_t20130710_3518147.txt,data/raw/moa_xm_weekly_articles/article_html/2013-07-10_t20130710_3518147.html,ok,
https://www.moa.gov.cn/gk/jcyj/xm/201307/t20130703_3510634.htm,2013年6月份第4周畜产品和饲料集贸市场价格情况,2013-07-03,6月第4周,2013-06-26,14.24,元/公斤,2.46,元/公斤,4.29,元/公斤,table,data/raw/moa_xm_weekly_articles/article_text/2013-07-03_t20130703_3510634.txt,data/raw/moa_xm_weekly_articles/article_html/2013-07-03_t20130703_3510634.html,ok,
https://www.moa.gov.cn/gk/jcyj/xm/201306/t20130626_3504861.htm,2013年6月份第3周畜产品和饲料集贸市场价格情况,2013-06-26,6月第3周,2013-06-19,14.19,元/公斤,2.45,元/公斤,4.32,元/公斤,table,data/raw/moa_xm_weekly_articles/article_text/2013-06-26_t20130626_3504861.txt,data/raw/moa_xm_weekly_articles/article_html/2013-06-26_t20130626_3504861.html,ok,
https://www.moa.gov.cn/gk/jcyj/xm/201306/t20130624_3502397.htm,2013年6月份第2周畜产品和饲料集贸市场价格情况,2013-06-24,6月第2周,2013-06-12,14.07,元/公斤,2.45,元/公斤,4.3,元/公斤,table,data/raw/moa_xm_weekly_articles/article_text/2013-06-24_t20130624_3502397.txt,data/raw/moa_xm_weekly_articles/article_html/2013-06-24_t20130624_3502397.html,ok,
https://www.moa.gov.cn/gk/jcyj/xm/201306/t20130618_3495502.htm,2013年6月份第2周畜产品和饲料集贸市场价格情况,2013-06-18,6月第2周,2013-06-12,14.07,元/公斤,2.45,元/公斤,4.3,元/公斤,table,data/raw/moa_xm_weekly_articles/article_text/2013-06-18_t20130618_3495502.txt,data/raw/moa_xm_weekly_articles/article_html/2013-06-18_t20130618_3495502.html,ok,
https://www.moa.gov.cn/gk/jcyj/xm/201306/t20130613_3490270.htm,2013年6月份第1周畜产品和饲料集贸市场价格情况,2013-06-13,6月第1周,2013-06-05,13.89,元/公斤,2.44,元/公斤,4.27,元/公斤,table,data/raw/moa_xm_weekly_articles/article_text/2013-06-13_t20130613_3490270.txt,data/raw/moa_xm_weekly_articles/article_html/2013-06-13_t20130613_3490270.html,ok,
https://www.moa.gov.cn/gk/jcyj/xm/201306/t20130604_3483130.htm,2013年5月最后一周畜产品和饲料集贸市场价格情况,2013-06-04,5月最后一周,2013-05-29,13.45,元/公斤,2.43,元/公斤,4.23,元/公斤,table,data/raw/moa_xm_weekly_articles/article_text/2013-06-04_t20130604_3483130.txt,data/raw/moa_xm_weekly_articles/article_html/2013-06-04_t20130604_3483130.html,ok,
https://www.moa.gov.cn/gk/jcyj/xm/201305/t20130522_3470226.htm,2013年5月份第3周畜产品和饲料集贸市场价格情况,2013-05-22,5月第3周,2013-05-15,12.63,元/公斤,2.43,元/公斤,4.19,元/公斤,table,data/raw/moa_xm_weekly_articles/article_text/2013-05-22_t20130522_3470226.txt,data/raw/moa_xm_weekly_articles/article_html/2013-05-22_t20130522_3470226.html,ok,
https://www.moa.gov.cn/gk/jcyj/xm/201305/t20130516_3464241.htm,2013年5月第2周畜产品和饲料集贸市场价格情况,2013-05-16,5月第2周,2013-05-08,12.56,元/公斤,2.43,元/公斤,4.18,元/公斤,table,data/raw/moa_xm_weekly_articles/article_text/2013-05-16_t20130516_3464241.txt,data/raw/moa_xm_weekly_articles/article_html/2013-05-16_t20130516_3464241.html,ok,
https://www.moa.gov.cn/gk/jcyj/xm/201305/t20130509_3455944.htm,2013年5月份第1周畜产品和饲料集贸市场价格情况,2013-05-09,5月第1周,2013-05-01,12.57,元/公斤,2.44,元/公斤,4.19,元/公斤,table,data/raw/moa_xm_weekly_articles/article_text/2013-05-09_t20130509_3455944.txt,data/raw/moa_xm_weekly_articles/article_html/2013-05-09_t20130509_3455944.html,ok,
https://www.moa.gov.cn/gk/jcyj/xm/201305/t20130502_3448990.htm,2013年4月份第4周畜产品和饲料集贸市场价格情况,2013-04-28,4月第4周,2013-04-24,12.57,元/公斤,2.44,元/公斤,4.2,元/公斤,table,data/raw/moa_xm_weekly_articles/article_text/2013-04-28_t20130502_3448990.txt,data/raw/moa_xm_weekly_articles/article_html/2013-04-28_t20130502_3448990.html,ok,
https://www.moa.gov.cn/gk/jcyj/xm/201304/t20130423_3442090.htm,2013年4月份第3周畜产品和饲料集贸市场价格情况,2013-04-23,4月第3周,2013-04-17,12.66,元/公斤,2.45,元/公斤,4.23,元/公斤,table,data/raw/moa_xm_weekly_articles/article_text/2013-04-23_t20130423_3442090.txt,data/raw/moa_xm_weekly_articles/article_html/2013-04-23_t20130423_3442090.html,ok,
https://www.moa.gov.cn/gk/jcyj/xm/201304/t20130416_3434873.htm,2013年4月份第2周畜产品和饲料集贸市场价格情况,2013-04-16,4月第2周,2013-04-10,12.74,元/公斤,2.45,元/公斤,4.26,元/公斤,table,data/raw/moa_xm_weekly_articles/article_text/2013-04-16_t20130416_3434873.txt,data/raw/moa_xm_weekly_articles/article_html/2013-04-16_t20130416_3434873.html,ok,
https://www.moa.gov.cn/gk/jcyj/xm/201304/t20130402_3422636.htm,2013年3月份第4周畜产品和饲料集贸市场价格情况,2013-04-02,3月第4周,2013-03-27,13.47,元/公斤,2.46,元/公斤,4.31,元/公斤,table,data/raw/moa_xm_weekly_articles/article_text/2013-04-02_t20130402_3422636.txt,data/raw/moa_xm_weekly_articles/article_html/2013-04-02_t20130402_3422636.html,ok,
https://www.moa.gov.cn/gk/jcyj/xm/201303/t20130326_3415093.htm,2013年3月份第3周畜产品和饲料集贸市场价格情况,2013-03-26,3月第3周,2013-03-20,13.78,元/公斤,2.46,元/公斤,4.31,元/公斤,table,data/raw/moa_xm_weekly_articles/article_text/2013-03-26_t20130326_3415093.txt,data/raw/moa_xm_weekly_articles/article_html/2013-03-26_t20130326_3415093.html,ok,
https://www.moa.gov.cn/gk/jcyj/xm/201303/t20130319_3351889.htm,2013年3月份第2周畜产品和饲料集贸市场价格情况,2013-03-19,3月第2周,2013-03-13,14.18,元/公斤,2.46,元/公斤,4.3,元/公斤,table,data/raw/moa_xm_weekly_articles/article_text/2013-03-19_t20130319_3351889.txt,data/raw/moa_xm_weekly_articles/article_html/2013-03-19_t20130319_3351889.html,ok,
https://www.moa.gov.cn/gk/jcyj/xm/201303/t20130306_3247706.htm,2013年2月份第4周畜产品和饲料集贸市场价格情况,2013-03-06,2月第4周,2013-02-27,15.31,元/公斤,2.45,元/公斤,4.26,元/公斤,table,data/raw/moa_xm_weekly_articles/article_text/2013-03-06_t20130306_3247706.txt,data/raw/moa_xm_weekly_articles/article_html/2013-03-06_t20130306_3247706.html,ok,
https://www.moa.gov.cn/gk/jcyj/xm/201302/t20130227_3228320.htm,2013年2月份第3周畜产品和饲料集贸市场价格情况,2013-02-27,2月第3周,2013-02-20,16.01,元/公斤,2.45,元/公斤,4.23,元/公斤,table,data/raw/moa_xm_weekly_articles/article_text/2013-02-27_t20130227_3228320.txt,data/raw/moa_xm_weekly_articles/article_html/2013-02-27_t20130227_3228320.html,ok,
https://www.moa.gov.cn/gk/jcyj/xm/201302/t20130219_3220994.htm,2013年2月份第2周畜产品和饲料集贸市场价格情况,2013-02-19,2月第2周,2013-02-13,16.42,元/公斤,2.45,元/公斤,4.23,元/公斤,table,data/raw/moa_xm_weekly_articles/article_text/2013-02-19_t20130219_3220994.txt,data/raw/moa_xm_weekly_articles/article_html/2013-02-19_t20130219_3220994.html,ok,
https://www.moa.gov.cn/gk/jcyj/xm/201302/t20130217_3219127.htm,2013年2月份第1周畜产品和饲料集贸市场价格情况,2013-02-17,2月第1周,2013-02-06,16.6,元/公斤,2.45,元/公斤,4.23,元/公斤,table,data/raw/moa_xm_weekly_articles/article_text/2013-02-17_t20130217_3219127.txt,data/raw/moa_xm_weekly_articles/article_html/2013-02-17_t20130217_3219127.html,ok,
https://www.moa.gov.cn/gk/jcyj/xm/201302/t20130205_3215849.htm,2013年1月份最后一周畜产品和饲料集贸市场价格情况,2013-02-05,1月最后一周,2013-01-30,16.96,元/公斤,2.44,元/公斤,4.21,元/公斤,table,data/raw/moa_xm_weekly_articles/article_text/2013-02-05_t20130205_3215849.txt,data/raw/moa_xm_weekly_articles/article_html/2013-02-05_t20130205_3215849.html,ok,
https://www.moa.gov.cn/gk/jcyj/xm/201301/t20130129_3210855.htm,2013年1月份第4周畜产品和饲料集贸市场价格情况,2013-01-29,1月第4周,2013-01-23,17.31,元/公斤,2.44,元/公斤,4.21,元/公斤,table,data/raw/moa_xm_weekly_articles/article_text/2013-01-29_t20130129_3210855.txt,data/raw/moa_xm_weekly_articles/article_html/2013-01-29_t20130129_3210855.html,ok,
https://www.moa.gov.cn/gk/jcyj/xm/201301/t20130122_3204767.htm,2013年1月份第3周畜产品和饲料集贸市场价格情况,2013-01-22,1月第3周,2013-01-16,17.26,元/公斤,2.44,元/公斤,4.21,元/公斤,table,data/raw/moa_xm_weekly_articles/article_text/2013-01-22_t20130122_3204767.txt,data/raw/moa_xm_weekly_articles/article_html/2013-01-22_t20130122_3204767.html,ok,
https://www.moa.gov.cn/gk/jcyj/xm/201301/t20130115_3198368.htm,2013年1月份第2周畜产品和饲料集贸市场价格情况,2013-01-15,1月第2周,2013-01-09,17.06,元/公斤,2.44,元/公斤,4.22,元/公斤,table,data/raw/moa_xm_weekly_articles/article_text/2013-01-15_t20130115_3198368.txt,data/raw/moa_xm_weekly_articles/article_html/2013-01-15_t20130115_3198368.html,ok,
https://www.moa.gov.cn/gk/jcyj/xm/201301/t20130108_3184225.htm,2013年1月份第1周畜产品和饲料集贸市场价格情况,2013-01-08,1月第1周,2013-01-02,16.62,元/公斤,2.43,元/公斤,4.23,元/公斤,table,data/raw/moa_xm_weekly_articles/article_text/2013-01-08_t20130108_3184225.txt,data/raw/moa_xm_weekly_articles/article_html/2013-01-08_t20130108_3184225.html,ok,
https://www.moa.gov.cn/gk/jcyj/xm/201212/t20121231_3125214.htm,2012年12月份第4周畜产品和饲料集贸市场价格情况,2012-12-31,12月第4周,2012-12-26,16.21,元/公斤,2.42,元/公斤,4.23,元/公斤,table,data/raw/moa_xm_weekly_articles/article_text/2012-12-31_t20121231_3125214.txt,data/raw/moa_xm_weekly_articles/article_html/2012-12-31_t20121231_3125214.html,ok,
https://www.moa.gov.cn/gk/jcyj/xm/201212/t20121225_3115711.htm,2012年12月份第3周畜产品和饲料集贸市场价格情况,2012-12-25,12月第3周,2012-12-19,16.0,元/公斤,2.42,元/公斤,4.2,元/公斤,table,data/raw/moa_xm_weekly_articles/article_text/2012-12-25_t20121225_3115711.txt,data/raw/moa_xm_weekly_articles/article_html/2012-12-25_t20121225_3115711.html,ok,
https://www.moa.gov.cn/gk/jcyj/xm/201212/t20121217_3107989.htm,2012年12月份第2周畜产品和饲料集贸市场价格情况,2012-12-17,12月第2周,2012-12-12,15.75,元/公斤,2.41,元/公斤,4.16,元/公斤,table,data/raw/moa_xm_weekly_articles/article_text/2012-12-17_t20121217_3107989.txt,data/raw/moa_xm_weekly_articles/article_html/2012-12-17_t20121217_3107989.html,ok,
https://www.moa.gov.cn/gk/jcyj/xm/201212/t20121213_3105510.htm,2012年12月份第1周畜产品和饲料集贸市场价格情况,2012-12-13,12月第1周,2012-12-05,15.37,元/公斤,2.41,元/公斤,4.13,元/公斤,table,data/raw/moa_xm_weekly_articles/article_text/2012-12-13_t20121213_3105510.txt,data/raw/moa_xm_weekly_articles/article_html/2012-12-13_t20121213_3105510.html,ok,
https://www.moa.gov.cn/gk/jcyj/xm/201212/t20121204_3095193.htm,2012年11月份第4周畜产品和饲料集贸市场价格情况,2012-12-04,11月第4周,2012-11-28,15.03,元/公斤,2.42,元/公斤,4.11,元/公斤,table,data/raw/moa_xm_weekly_articles/article_text/2012-12-04_t20121204_3095193.txt,data/raw/moa_xm_weekly_articles/article_html/2012-12-04_t20121204_3095193.html,ok,
https://www.moa.gov.cn/gk/jcyj/xm/201211/t20121122_3069369.htm,2012年11月份第2周畜产品和饲料集贸市场价格情况,2012-11-22,11月第2周,2012-11-14,14.74,元/公斤,2.43,元/公斤,4.19,元/公斤,table,data/raw/moa_xm_weekly_articles/article_text/2012-11-22_t20121122_3069369.txt,data/raw/moa_xm_weekly_articles/article_html/2012-11-22_t20121122_3069369.html,ok,
https://www.moa.gov.cn/gk/jcyj/xm/201211/t20121115_3063169.htm,2012年11月份第1周畜产品和饲料集贸市场价格情况,2012-11-15,11月第1周,2012-11-06,14.72,元/公斤,2.45,元/公斤,4.25,元/公斤,table,data/raw/moa_xm_weekly_articles/article_text/2012-11-15_t20121115_3063169.txt,data/raw/moa_xm_weekly_articles/article_html/2012-11-15_t20121115_3063169.html,ok,
https://www.moa.gov.cn/gk/jcyj/xm/201211/t20121106_3019237.htm,2012年10月份最后1周畜产品和饲料集贸市场价格情况,2012-11-06,10月最后一周,2012-10-31,14.7,元/公斤,2.46,元/公斤,4.29,元/公斤,table,data/raw/moa_xm_weekly_articles/article_text/2012-11-06_t20121106_3019237.txt,data/raw/moa_xm_weekly_articles/article_html/2012-11-06_t20121106_3019237.html,ok,
https://www.moa.gov.cn/gk/jcyj/xm/201210/t20121031_2992596.htm,2012年10月份第4周畜产品和饲料集贸市场价格情况,2012-10-31,10月第4周,2012-10-24,14.79,元/公斤,2.49,元/公斤,4.34,元/公斤,table,data/raw/moa_xm_weekly_articles/article_text/2012-10-31_t20121031_2992596.txt,data/raw/moa_xm_weekly_articles/article_html/2012-10-31_t20121031_2992596.html,ok,
https://www.moa.gov.cn/gk/jcyj/xm/201210/t20121023_2983661.htm,2012年10月份第3周畜产品和饲料集贸市场价格情况,2012-10-23,10月第3周,2012-10-17,14.86,元/公斤,2.51,元/公斤,4.37,元/公斤,table,data/raw/moa_xm_weekly_articles/article_text/2012-10-23_t20121023_2983661.txt,data/raw/moa_xm_weekly_articles/article_html/2012-10-23_t20121023_2983661.html,ok,
https://www.moa.gov.cn/gk/jcyj/xm/201210/t20121017_2963620.htm,2012年10月份第2周畜产品和饲料集贸市场价格情况,2012-10-17,10月第2周,2012-10-10,14.91,元/公斤,2.53,元/公斤,4.45,元/公斤,table,data/raw/moa_xm_weekly_articles/article_text/2012-10-17_t20121017_2963620.txt,data/raw/moa_xm_weekly_articles/article_html/2012-10-17_t20121017_2963620.html,ok,
https://www.moa.gov.cn/gk/jcyj/xm/201210/t20121009_2955824.htm,2012年10月份第1周畜产品和饲料集贸市场价格情况,2012-10-09,10月第1周,2012-10-03,14.99,元/公斤,2.56,元/公斤,4.52,元/公斤,regex,data/raw/moa_xm_weekly_articles/article_text/2012-10-09_t20121009_2955824.txt,data/raw/moa_xm_weekly_articles/article_html/2012-10-09_t20121009_2955824.html,ok,
https://www.moa.gov.cn/gk/jcyj/xm/201210/t20121009_2955823.htm,2012年9月份第4周畜产品和饲料集贸市场价格情况,2012-10-09,9月第4周,2012-09-26,14.99,元/公斤,2.56,元/公斤,4.53,元/公斤,regex,data/raw/moa_xm_weekly_articles/article_text/2012-10-09_t20121009_2955823.txt,data/raw/moa_xm_weekly_articles/article_html/2012-10-09_t20121009_2955823.html,ok,
https://www.moa.gov.cn/gk/jcyj/xm/201209/t20120925_2949026.htm,2012年9月份第3周畜产品和饲料集贸市场价格情况,2012-09-25,9月第3周,2012-09-19,14.99,元/公斤,2.57,元/公斤,4.56,元/公斤,table,data/raw/moa_xm_weekly_articles/article_text/2012-09-25_t20120925_2949026.txt,data/raw/moa_xm_weekly_articles/article_html/2012-09-25_t20120925_2949026.html,ok,
https://www.moa.gov.cn/gk/jcyj/xm/201209/t20120917_2942850.htm,2012年9月份第2周畜产品和饲料集贸市场价格情况,2012-09-17,9月第2周,2012-09-12,14.87,元/公斤,2.57,元/公斤,4.52,元/公斤,table,data/raw/moa_xm_weekly_articles/article_text/2012-09-17_t20120917_2942850.txt,data/raw/moa_xm_weekly_articles/article_html/2012-09-17_t20120917_2942850.html,ok,
https://www.moa.gov.cn/gk/jcyj/xm/201209/t20120911_2927298.htm,2012年9月份第1周畜产品和饲料集贸市场价格情况,2012-09-11,9月第1周,2012-09-05,14.71,元/公斤,2.57,元/公斤,4.46,元/公斤,table,data/raw/moa_xm_weekly_articles/article_text/2012-09-11_t20120911_2927298.txt,data/raw/moa_xm_weekly_articles/article_html/2012-09-11_t20120911_2927298.html,ok,
https://www.moa.gov.cn/gk/jcyj/xm/201209/t20120904_2921214.htm,2012年8月份最后1周畜产品和饲料集贸市场价格情况,2012-09-04,8月最后一周,2012-08-29,14.64,元/公斤,2.57,元/公斤,4.36,元/公斤,table,data/raw/moa_xm_weekly_articles/article_text/2012-09-04_t20120904_2921214.txt,data/raw/moa_xm_weekly_articles/article_html/2012-09-04_t20120904_2921214.html,ok,
https://www.moa.gov.cn/gk/jcyj/xm/201208/t20120830_2901489.htm,2012年8月份第4周畜产品和饲料集贸市场价格情况,2012-08-30,8月第4周,2012-08-22,14.49,元/公斤,2.56,元/公斤,4.26,元/公斤,table,data/raw/moa_xm_weekly_articles/article_text/2012-08-30_t20120830_2901489.txt,data/raw/moa_xm_weekly_articles/article_html/2012-08-30_t20120830_2901489.html,ok,
https://www.moa.gov.cn/gk/jcyj/xm/201208/t20120821_2862273.htm,2012年8月份第3周畜产品和饲料集贸市场价格情况,2012-08-21,8月第3周,2012-08-15,14.27,元/公斤,2.55,元/公斤,4.19,元/公斤,table,data/raw/moa_xm_weekly_articles/article_text/2012-08-21_t20120821_2862273.txt,data/raw/moa_xm_weekly_articles/article_html/2012-08-21_t20120821_2862273.html,ok,
https://www.moa.gov.cn/gk/jcyj/xm/201208/t20120815_2825708.htm,2012年8月份第2周畜产品和饲料集贸市场价格情况,2012-08-15,8月第2周,2012-08-08,14.05,元/公斤,2.54,元/公斤,4.13,元/公斤,table,data/raw/moa_xm_weekly_articles/article_text/2012-08-15_t20120815_2825708.txt,data/raw/moa_xm_weekly_articles/article_html/2012-08-15_t20120815_2825708.html,ok,
https://www.moa.gov.cn/gk/jcyj/xm/201208/t20120808_2819624.htm,2012年8月份第1周畜产品和饲料集贸市场价格情况,2012-08-08,8月第1周,2012-08-01,13.94,元/公斤,2.54,元/公斤,4.07,元/公斤,table,data/raw/moa_xm_weekly_articles/article_text/2012-08-08_t20120808_2819624.txt,data/raw/moa_xm_weekly_articles/article_html/2012-08-08_t20120808_2819624.html,ok,
https://www.moa.gov.cn/gk/jcyj/xm/201208/t20120801_2813102.htm,2012年7月份第4周畜产品和饲料集贸市场价格情况,2012-08-01,7月第4周,2012-07-25,13.92,元/公斤,2.53,元/公斤,3.96,元/公斤,table,data/raw/moa_xm_weekly_articles/article_text/2012-08-01_t20120801_2813102.txt,data/raw/moa_xm_weekly_articles/article_html/2012-08-01_t20120801_2813102.html,ok,
https://www.moa.gov.cn/gk/jcyj/xm/201207/t20120725_2804259.htm,2012年7月份第3周畜产品和饲料集贸市场价格情况,2012-07-25,7月第3周,2012-07-18,13.98,元/公斤,2.52,元/公斤,3.85,元/公斤,table,data/raw/moa_xm_weekly_articles/article_text/2012-07-25_t20120725_2804259.txt,data/raw/moa_xm_weekly_articles/article_html/2012-07-25_t20120725_2804259.html,ok,
https://www.moa.gov.cn/gk/jcyj/xm/201207/t20120718_2789896.htm,2012年7月份第2周畜产品和饲料集贸市场价格情况,2012-07-18,7月第2周,2012-07-11,14.02,元/公斤,2.5,元/公斤,3.77,元/公斤,table,data/raw/moa_xm_weekly_articles/article_text/2012-07-18_t20120718_2789896.txt,data/raw/moa_xm_weekly_articles/article_html/2012-07-18_t20120718_2789896.html,ok,
https://www.moa.gov.cn/gk/jcyj/xm/201207/t20120710_2783058.htm,2012年7月份第1周畜产品和饲料集贸市场价格情况,2012-07-10,7月第1周,2012-07-04,14.08,元/公斤,2.5,元/公斤,3.72,元/公斤,table,data/raw/moa_xm_weekly_articles/article_text/2012-07-10_t20120710_2783058.txt,data/raw/moa_xm_weekly_articles/article_html/2012-07-10_t20120710_2783058.html,ok,
https://www.moa.gov.cn/gk/jcyj/xm/201207/t20120704_2777731.htm,2012年6月份第4周畜产品和饲料集贸市场价格情况,2012-07-04,6月第4周,2012-06-27,14.1,元/公斤,2.49,元/公斤,3.69,元/公斤,table,data/raw/moa_xm_weekly_articles/article_text/2012-07-04_t20120704_2777731.txt,data/raw/moa_xm_weekly_articles/article_html/2012-07-04_t20120704_2777731.html,ok,
https://www.moa.gov.cn/gk/jcyj/xm/201206/t20120627_2771894.htm,2012年6月份第3周畜产品和饲料集贸市场价格情况,2012-06-27,6月第3周,2012-06-20,14.14,元/公斤,2.49,元/公斤,3.68,元/公斤,table,data/raw/moa_xm_weekly_articles/article_text/2012-06-27_t20120627_2771894.txt,data/raw/moa_xm_weekly_articles/article_html/2012-06-27_t20120627_2771894.html,ok,
https://www.moa.gov.cn/gk/jcyj/xm/201206/t20120620_2766652.htm,2012年6月份第2周畜产品和饲料集贸市场价格情况,2012-06-20,6月第2周,2012-06-13,14.04,元/公斤,2.48,元/公斤,3.67,元/公斤,table,data/raw/moa_xm_weekly_articles/article_text/2012-06-20_t20120620_2766652.txt,data/raw/moa_xm_weekly_articles/article_html/2012-06-20_t20120620_2766652.html,ok,
https://www.moa.gov.cn/gk/jcyj/xm/201206/t20120613_2757154.htm,2012年6月份第1周畜产品和饲料集贸市场价格情况,2012-06-13,6月第1周,2012-06-06,13.92,元/公斤,2.48,元/公斤,3.66,元/公斤,table,data/raw/moa_xm_weekly_articles/article_text/2012-06-13_t20120613_2757154.txt,data/raw/moa_xm_weekly_articles/article_html/2012-06-13_t20120613_2757154.html,ok,
https://www.moa.gov.cn/gk/jcyj/xm/201206/t20120606_2751476.htm,2012年5月份最后1周畜产品和饲料集贸市场价格情况,2012-06-06,5月最后一周,2012-05-30,13.97,元/公斤,2.47,元/公斤,3.67,元/公斤,table,data/raw/moa_xm_weekly_articles/article_text/2012-06-06_t20120606_2751476.txt,data/raw/moa_xm_weekly_articles/article_html/2012-06-06_t20120606_2751476.html,ok,
https://www.moa.gov.cn/gk/jcyj/xm/201205/t20120531_2703302.htm,2012年5月份第4周畜产品和饲料集贸市场价格情况,2012-05-31,5月第4周,2012-05-23,14.09,元/公斤,2.46,元/公斤,3.68,元/公斤,table,data/raw/moa_xm_weekly_articles/article_text/2012-05-31_t20120531_2703302.txt,data/raw/moa_xm_weekly_articles/article_html/2012-05-31_t20120531_2703302.html,ok,
https://www.moa.gov.cn/gk/jcyj/xm/201205/t20120523_2633126.htm,2012年5月份第3周畜产品和饲料集贸市场价格情况,2012-05-23,5月第3周,2012-05-16,14.21,元/公斤,2.46,元/公斤,3.69,元/公斤,table,data/raw/moa_xm_weekly_articles/article_text/2012-05-23_t20120523_2633126.txt,data/raw/moa_xm_weekly_articles/article_html/2012-05-23_t20120523_2633126.html,ok,
https://www.moa.gov.cn/gk/jcyj/xm/201205/t20120517_2627743.htm,2012年5月份第2周畜产品和饲料集贸市场价格情况,2012-05-17,5月第2周,2012-05-09,14.41,元/公斤,2.45,元/公斤,3.7,元/公斤,table,data/raw/moa_xm_weekly_articles/article_text/2012-05-17_t20120517_2627743.txt,data/raw/moa_xm_weekly_articles/article_html/2012-05-17_t20120517_2627743.html,ok,
https://www.moa.gov.cn/gk/jcyj/xm/201205/t20120510_2621844.htm,2012年5月份第1周畜产品和饲料集贸市场价格情况,2012-05-10,5月第1周,2012-05-02,14.55,元/公斤,2.44,元/公斤,3.69,元/公斤,table,data/raw/moa_xm_weekly_articles/article_text/2012-05-10_t20120510_2621844.txt,data/raw/moa_xm_weekly_articles/article_html/2012-05-10_t20120510_2621844.html,ok,
https://www.moa.gov.cn/gk/jcyj/xm/201205/t20120502_2615664.htm,2012年4月份第4周畜产品和饲料集贸市场价格情况,2012-05-02,4月第4周,2012-04-25,14.6,元/公斤,2.44,元/公斤,3.68,元/公斤,table,data/raw/moa_xm_weekly_articles/article_text/2012-05-02_t20120502_2615664.txt,data/raw/moa_xm_weekly_articles/article_html/2012-05-02_t20120502_2615664.html,ok,
https://www.moa.gov.cn/gk/jcyj/xm/201204/t20120425_2610664.htm,2012年4月份第3周畜产品和饲料集贸市场价格情况,2012-04-25,4月第3周,2012-04-18,14.69,元/公斤,2.43,元/公斤,3.65,元/公斤,regex,data/raw/moa_xm_weekly_articles/article_text/2012-04-25_t20120425_2610664.txt,data/raw/moa_xm_weekly_articles/article_html/2012-04-25_t20120425_2610664.html,ok,
https://www.moa.gov.cn/gk/jcyj/xm/201204/t20120417_2604955.htm,2012年4月份第2周畜产品和饲料集贸市场价格情况,2012-04-17,4月第2周,2012-04-11,14.82,元/公斤,2.41,元/公斤,3.62,元/公斤,regex,data/raw/moa_xm_weekly_articles/article_text/2012-04-17_t20120417_2604955.txt,data/raw/moa_xm_weekly_articles/article_html/2012-04-17_t20120417_2604955.html,ok,
https://www.moa.gov.cn/gk/jcyj/xm/201204/t20120411_2600351.htm,2012年4月份第1周畜产品和饲料集贸市场价格情况,2012-04-11,4月第1周,2012-04-04,15.09,元/公斤,2.4,元/公斤,3.57,元/公斤,regex,data/raw/moa_xm_weekly_articles/article_text/2012-04-11_t20120411_2600351.txt,data/raw/moa_xm_weekly_articles/article_html/2012-04-11_t20120411_2600351.html,ok,
https://www.moa.gov.cn/gk/jcyj/xm/201204/t20120401_2552912.htm,2012年3月份第4周畜产品和饲料集贸市场价格情况,2012-04-01,3月第4周,2012-03-28,15.46,元/公斤,2.39,元/公斤,3.53,元/公斤,regex,data/raw/moa_xm_weekly_articles/article_text/2012-04-01_t20120401_2552912.txt,data/raw/moa_xm_weekly_articles/article_html/2012-04-01_t20120401_2552912.html,ok,
https://www.moa.gov.cn/gk/jcyj/xm/201203/t20120328_2547537.htm,2012年3月份第3周畜产品和饲料集贸市场价格情况,2012-03-28,3月第3周,2012-03-21,15.73,元/公斤,2.37,元/公斤,3.52,元/公斤,regex,data/raw/moa_xm_weekly_articles/article_text/2012-03-28_t20120328_2547537.txt,data/raw/moa_xm_weekly_articles/article_html/2012-03-28_t20120328_2547537.html,ok,
https://www.moa.gov.cn/gk/jcyj/xm/201203/t20120322_2515471.htm,2012年3月份第2周畜产品和饲料集贸市场价格情况,2012-03-22,3月第2周,2012-03-14,15.96,元/公斤,2.36,元/公斤,3.5,元/公斤,regex,data/raw/moa_xm_weekly_articles/article_text/2012-03-22_t20120322_2515471.txt,data/raw/moa_xm_weekly_articles/article_html/2012-03-22_t20120322_2515471.html,ok,
https://www.moa.gov.cn/gk/jcyj/xm/201203/t20120316_2511485.htm,2012年3月份第1周畜产品和饲料集贸市场价格情况,2012-03-16,3月第1周,2012-03-07,16.17,元/公斤,2.36,元/公斤,3.48,元/公斤,regex,data/raw/moa_xm_weekly_articles/article_text/2012-03-16_t20120316_2511485.txt,data/raw/moa_xm_weekly_articles/article_html/2012-03-16_t20120316_2511485.html,ok,
https://www.moa.gov.cn/gk/jcyj/xm/201203/t20120308_2499080.htm,2012年2月份最后1周畜产品和饲料集贸市场价格情况,2012-03-08,2月最后一周,2012-02-29,16.44,元/公斤,2.35,元/公斤,3.47,元/公斤,regex,data/raw/moa_xm_weekly_articles/article_text/2012-03-08_t20120308_2499080.txt,data/raw/moa_xm_weekly_articles/article_html/2012-03-08_t20120308_2499080.html,ok,
https://www.moa.gov.cn/gk/jcyj/xm/201203/t20120301_2494266.htm,2012年2月份第4周畜产品和饲料集贸市场价格情况,2012-03-01,2月第4周,2012-02-22,16.77,元/公斤,2.35,元/公斤,3.47,元/公斤,regex,data/raw/moa_xm_weekly_articles/article_text/2012-03-01_t20120301_2494266.txt,data/raw/moa_xm_weekly_articles/article_html/2012-03-01_t20120301_2494266.html,ok,
https://www.moa.gov.cn/gk/jcyj/xm/201202/t20120222_2486721.htm,2012年2月份第3周畜产品和饲料集贸市场价格情况,2012-02-22,2月第3周,2012-02-15,17.16,元/公斤,2.35,元/公斤,3.46,元/公斤,regex,data/raw/moa_xm_weekly_articles/article_text/2012-02-22_t20120222_2486721.txt,data/raw/moa_xm_weekly_articles/article_html/2012-02-22_t20120222_2486721.html,ok,
https://www.moa.gov.cn/gk/jcyj/xm/201202/t20120214_2481142.htm,2012年2月份第2周畜产品和饲料集贸市场价格情况,2012-02-14,2月第2周,2012-02-08,17.45,元/公斤,2.35,元/公斤,3.44,元/公斤,regex,data/raw/moa_xm_weekly_articles/article_text/2012-02-14_t20120214_2481142.txt,data/raw/moa_xm_weekly_articles/article_html/2012-02-14_t20120214_2481142.html,ok,
https://www.moa.gov.cn/gk/jcyj/xm/201202/t20120209_2478495.htm,2012年2月份第1周畜产品和饲料集贸市场价格情况,2012-02-09,2月第1周,2012-02-01,17.7,元/公斤,2.35,元/公斤,3.44,元/公斤,regex,data/raw/moa_xm_weekly_articles/article_text/2012-02-09_t20120209_2478495.txt,data/raw/moa_xm_weekly_articles/article_html/2012-02-09_t20120209_2478495.html,ok,
https://www.moa.gov.cn/gk/jcyj/xm/201202/t20120206_2475471.htm,2012年1月份第4周畜产品和饲料集贸市场价格情况,2012-02-06,1月第4周,2012-01-29,17.75,元/公斤,2.35,元/公斤,3.44,元/公斤,table,data/raw/moa_xm_weekly_articles/article_text/2012-02-06_t20120206_2475471.txt,data/raw/moa_xm_weekly_articles/article_html/2012-02-06_t20120206_2475471.html,ok,
https://www.moa.gov.cn/gk/jcyj/xm/201201/t20120117_2458212.htm,2012年1月份第2周畜产品和饲料集贸市场价格情况,2012-01-17,1月第2周,2012-01-11,17.62,元/公斤,2.35,元/公斤,3.42,元/公斤,regex,data/raw/moa_xm_weekly_articles/article_text/2012-01-17_t20120117_2458212.txt,data/raw/moa_xm_weekly_articles/article_html/2012-01-17_t20120117_2458212.html,ok,
https://www.moa.gov.cn/gk/jcyj/xm/201201/t20120113_2456797.htm,2012年1月份第1周畜产品和饲料集贸市场价格情况,2012-01-13,1月第1周,2012-01-04,17.47,元/公斤,2.35,元/公斤,3.41,元/公斤,regex,data/raw/moa_xm_weekly_articles/article_text/2012-01-13_t20120113_2456797.txt,data/raw/moa_xm_weekly_articles/article_html/2012-01-13_t20120113_2456797.html,ok,
https://www.moa.gov.cn/gk/jcyj/xm/201201/t20120111_2455457.htm,12月份第4周畜产品和饲料集贸市场价格情况,2012-01-11,12月第4周,2012-12-28,17.35,元/公斤,2.35,元/公斤,3.41,元/公斤,regex,data/raw/moa_xm_weekly_articles/article_text/2012-01-11_t20120111_2455457.txt,data/raw/moa_xm_weekly_articles/article_html/2012-01-11_t20120111_2455457.html,ok,
https://www.moa.gov.cn/gk/jcyj/xm/201112/t20111228_2446744.htm,12月份第3周畜产品和饲料集贸市场价格情况,2011-12-28,12月第3周,2011-12-21,17.28,元/公斤,2.35,元/公斤,3.42,元/公斤,regex,data/raw/moa_xm_weekly_articles/article_text/2011-12-28_t20111228_2446744.txt,data/raw/moa_xm_weekly_articles/article_html/2011-12-28_t20111228_2446744.html,ok,
https://www.moa.gov.cn/gk/jcyj/xm/201112/t20111227_2443592.htm,12月份第2周畜产品和饲料集贸市场价格情况,2011-12-27,12月第2周,2011-12-14,17.06,元/公斤,2.36,元/公斤,3.42,元/公斤,regex,data/raw/moa_xm_weekly_articles/article_text/2011-12-27_t20111227_2443592.txt,data/raw/moa_xm_weekly_articles/article_html/2011-12-27_t20111227_2443592.html,ok,
https://www.moa.gov.cn/gk/jcyj/xm/201112/t20111215_2436479.htm,12月份第1周畜产品和饲料集贸市场价格情况,2011-12-15,12月第1周,2011-12-07,16.89,元/公斤,2.36,元/公斤,3.44,元/公斤,regex,data/raw/moa_xm_weekly_articles/article_text/2011-12-15_t20111215_2436479.txt,data/raw/moa_xm_weekly_articles/article_html/2011-12-15_t20111215_2436479.html,ok,
https://www.moa.gov.cn/gk/jcyj/xm/201112/t20111207_2425073.htm,11月份最后1周畜产品和饲料集贸市场价格情况,2011-12-07,11月最后一周,2011-11-30,16.91,元/公斤,2.37,元/公斤,3.46,元/公斤,regex,data/raw/moa_xm_weekly_articles/article_text/2011-12-07_t20111207_2425073.txt,data/raw/moa_xm_weekly_articles/article_html/2011-12-07_t20111207_2425073.html,ok,
https://www.moa.gov.cn/gk/jcyj/xm/201111/t20111124_2417275.htm,11月份第3周畜产品和饲料集贸市场价格情况,2011-11-24,11月第3周,2011-11-16,17.31,元/公斤,2.39,元/公斤,3.51,元/公斤,regex,data/raw/moa_xm_weekly_articles/article_text/2011-11-24_t20111124_2417275.txt,data/raw/moa_xm_weekly_articles/article_html/2011-11-24_t20111124_2417275.html,ok,
https://www.moa.gov.cn/gk/jcyj/xm/201111/t20111109_2406569.htm,11月份第1周畜产品和饲料集贸市场价格情况,2011-11-09,11月第1周,2011-11-02,17.86,元/公斤,2.41,元/公斤,3.54,元/公斤,table,data/raw/moa_xm_weekly_articles/article_text/2011-11-09_t20111109_2406569.txt,data/raw/moa_xm_weekly_articles/article_html/2011-11-09_t20111109_2406569.html,ok,
https://www.moa.gov.cn/gk/jcyj/xm/201111/t20111103_2393534.htm,10月份第4周畜产品和饲料集贸市场价格情况,2011-11-03,10月第4周,2011-10-26,18.33,元/公斤,2.42,元/公斤,3.55,元/公斤,regex,data/raw/moa_xm_weekly_articles/article_text/2011-11-03_t20111103_2393534.txt,data/raw/moa_xm_weekly_articles/article_html/2011-11-03_t20111103_2393534.html,ok,
https://www.moa.gov.cn/gk/jcyj/xm/201110/t20111031_2390246.htm,10月份第3周畜产品和饲料集贸市场价格情况,2011-10-31,10月第3周,2011-10-19,18.78,元/公斤,2.44,元/公斤,3.57,元/公斤,regex,data/raw/moa_xm_weekly_articles/article_text/2011-10-31_t20111031_2390246.txt,data/raw/moa_xm_weekly_articles/article_html/2011-10-31_t20111031_2390246.html,ok,
https://www.moa.gov.cn/gk/jcyj/xm/201109/t20110921_2293102.htm,9月份第2周畜产品和饲料集贸市场价格情况,2011-09-21,9月第2周,2011-09-14,19.75,元/公斤,2.44,元/公斤,3.62,元/公斤,regex,data/raw/moa_xm_weekly_articles/article_text/2011-09-21_t20110921_2293102.txt,data/raw/moa_xm_weekly_articles/article_html/2011-09-21_t20110921_2293102.html,ok,
https://www.moa.gov.cn/gk/jcyj/xm/201109/t20110916_2269251.htm,9月份第1周畜产品和饲料集贸市场价格情况,2011-09-16,9月第1周,2011-09-07,19.75,元/公斤,2.42,元/公斤,3.62,元/公斤,regex,data/raw/moa_xm_weekly_articles/article_text/2011-09-16_t20110916_2269251.txt,data/raw/moa_xm_weekly_articles/article_html/2011-09-16_t20110916_2269251.html,ok,
https://www.moa.gov.cn/gk/jcyj/xm/201109/t20110908_2201229.htm,8月份最后1周畜产品和饲料集贸市场价格情况,2011-09-08,8月最后一周,2011-08-31,19.64,元/公斤,2.41,元/公斤,3.62,元/公斤,table,data/raw/moa_xm_weekly_articles/article_text/2011-09-08_t20110908_2201229.txt,data/raw/moa_xm_weekly_articles/article_html/2011-09-08_t20110908_2201229.html,ok,
https://www.moa.gov.cn/gk/jcyj/xm/201108/t20110831_2195714.htm,8月份第4周畜产品和饲料集贸市场价格情况,2011-08-31,8月第4周,,19.45,元/公斤,2.4,元/公斤,3.6,元/公斤,regex,data/raw/moa_xm_weekly_articles/article_text/2011-08-31_t20110831_2195714.txt,data/raw/moa_xm_weekly_articles/article_html/2011-08-31_t20110831_2195714.html,ok,collect_date_missing
https://www.moa.gov.cn/gk/jcyj/xm/201108/t20110823_2181449.htm,8月份第2周畜产品和饲料集贸市场价格情况,2011-08-23,8月第2周,2011-08-10,19.2,元/公斤,2.39,元/公斤,3.6,元/公斤,regex,data/raw/moa_xm_weekly_articles/article_text/2011-08-23_t20110823_2181449.txt,data/raw/moa_xm_weekly_articles/article_html/2011-08-23_t20110823_2181449.html,ok,
https://www.moa.gov.cn/gk/jcyj/xm/201108/t20110808_2104770.htm,7月份第4周畜产品和饲料集贸市场价格情况,2011-08-08,7月第4周,2011-07-27,18.95,元/公斤,2.37,元/公斤,3.59,元/公斤,regex,data/raw/moa_xm_weekly_articles/article_text/2011-08-08_t20110808_2104770.txt,data/raw/moa_xm_weekly_articles/article_html/2011-08-08_t20110808_2104770.html,ok,
https://www.moa.gov.cn/gk/jcyj/xm/201107/t20110728_2072588.htm,7月份第3周畜产品和饲料集贸市场价格情况,2011-07-28,7月第3周,2011-07-20,18.95,元/公斤,2.36,元/公斤,3.58,元/公斤,regex,data/raw/moa_xm_weekly_articles/article_text/2011-07-28_t20110728_2072588.txt,data/raw/moa_xm_weekly_articles/article_html/2011-07-28_t20110728_2072588.html,ok,
https://www.moa.gov.cn/gk/jcyj/xm/201107/t20110720_2064681.htm,7月份第2周畜产品和饲料集贸市场价格情况,2011-07-20,7月第2周,2011-07-13,19.07,元/公斤,2.34,元/公斤,3.56,元/公斤,regex,data/raw/moa_xm_weekly_articles/article_text/2011-07-20_t20110720_2064681.txt,data/raw/moa_xm_weekly_articles/article_html/2011-07-20_t20110720_2064681.html,ok,
https://www.moa.gov.cn/gk/jcyj/xm/201107/t20110715_2056571.htm,7月份第1周畜产品和饲料集贸市场价格情况,2011-07-15,7月第1周,2011-07-06,18.94,元/公斤,2.33,元/公斤,3.55,元/公斤,regex,data/raw/moa_xm_weekly_articles/article_text/2011-07-15_t20110715_2056571.txt,data/raw/moa_xm_weekly_articles/article_html/2011-07-15_t20110715_2056571.html,ok,
https://www.moa.gov.cn/gk/jcyj/xm/201107/t20110707_2047634.htm,6月份最后1周畜产品和饲料集贸市场价格情况,2011-07-07,6月最后一周,2011-06-29,18.58,元/公斤,2.32,元/公斤,3.54,元/公斤,regex,data/raw/moa_xm_weekly_articles/article_text/2011-07-07_t20110707_2047634.txt,data/raw/moa_xm_weekly_articles/article_html/2011-07-07_t20110707_2047634.html,ok,
https://www.moa.gov.cn/gk/jcyj/xm/201106/t20110630_2042568.htm,6月份第4周畜产品和饲料集贸市场价格情况,2011-06-30,6月第4周,2011-06-22,18.06,元/公斤,2.3,元/公斤,3.53,元/公斤,regex,data/raw/moa_xm_weekly_articles/article_text/2011-06-30_t20110630_2042568.txt,data/raw/moa_xm_weekly_articles/article_html/2011-06-30_t20110630_2042568.html,ok,
https://www.moa.gov.cn/gk/jcyj/xm/201106/t20110624_2036998.htm,6月份第3周畜产品和饲料集贸市场价格情况,2011-06-24,6月第3周,2011-06-15,17.39,元/公斤,2.28,元/公斤,3.52,元/公斤,regex,data/raw/moa_xm_weekly_articles/article_text/2011-06-24_t20110624_2036998.txt,data/raw/moa_xm_weekly_articles/article_html/2011-06-24_t20110624_2036998.html,ok,
https://www.moa.gov.cn/gk/jcyj/xm/201106/t20110620_2032968.htm,6月份第2周畜产品和饲料集贸市场价格情况,2011-06-20,6月第2周,2011-06-08,17.0,元/公斤,2.27,元/公斤,3.52,元/公斤,regex,data/raw/moa_xm_weekly_articles/article_text/2011-06-20_t20110620_2032968.txt,data/raw/moa_xm_weekly_articles/article_html/2011-06-20_t20110620_2032968.html,ok,
https://www.moa.gov.cn/gk/jcyj/xm/201106/t20110614_2029550.htm,6月份第1周畜产品和饲料集贸市场价格情况,2011-06-14,6月第1周,2011-06-01,16.68,元/公斤,2.25,元/公斤,3.52,元/公斤,regex,data/raw/moa_xm_weekly_articles/article_text/2011-06-14_t20110614_2029550.txt,data/raw/moa_xm_weekly_articles/article_html/2011-06-14_t20110614_2029550.html,ok,
https://www.moa.gov.cn/gk/jcyj/xm/201106/t20110601_2005636.htm,5月份第4周畜产品和饲料集贸市场价格情况,2011-06-01,5月第4周,2011-05-25,16.06,元/公斤,2.24,元/公斤,3.52,元/公斤,regex,data/raw/moa_xm_weekly_articles/article_text/2011-06-01_t20110601_2005636.txt,data/raw/moa_xm_weekly_articles/article_html/2011-06-01_t20110601_2005636.html,ok,
https://www.moa.gov.cn/gk/jcyj/xm/201105/t20110530_2002980.htm,5月份第3周畜产品和饲料集贸市场价格情况,2011-05-30,5月第3周,2011-05-18,15.63,元/公斤,2.22,元/公斤,3.52,元/公斤,regex,data/raw/moa_xm_weekly_articles/article_text/2011-05-30_t20110530_2002980.txt,data/raw/moa_xm_weekly_articles/article_html/2011-05-30_t20110530_2002980.html,ok,
https://www.moa.gov.cn/gk/jcyj/xm/201104/t20110421_1975230.htm,4月份第2周畜产品和饲料集贸市场价格情况,2011-04-21,4月第2周,2011-04-13,15.05,元/公斤,2.18,元/公斤,3.61,元/公斤,regex,data/raw/moa_xm_weekly_articles/article_text/2011-04-21_t20110421_1975230.txt,data/raw/moa_xm_weekly_articles/article_html/2011-04-21_t20110421_1975230.html,ok,
https://www.moa.gov.cn/gk/jcyj/xm/201104/t20110413_1967908.htm,4月份第1周畜产品和饲料集贸市场价格情况,2011-04-13,4月第1周,2011-04-06,14.99,元/公斤,2.18,元/公斤,3.61,元/公斤,regex,data/raw/moa_xm_weekly_articles/article_text/2011-04-13_t20110413_1967908.txt,data/raw/moa_xm_weekly_articles/article_html/2011-04-13_t20110413_1967908.html,ok,
https://www.moa.gov.cn/gk/jcyj/xm/201103/t20110330_1958175.htm,3月份第4周畜产品和饲料集贸市场价格情况,2011-03-30,3月第4周,2011-03-23,14.78,元/公斤,2.17,元/公斤,3.64,元/公斤,regex,data/raw/moa_xm_weekly_articles/article_text/2011-03-30_t20110330_1958175.txt,data/raw/moa_xm_weekly_articles/article_html/2011-03-30_t20110330_1958175.html,ok,
https://www.moa.gov.cn/gk/jcyj/xm/201103/t20110322_1952113.htm,3月份第3周畜产品和饲料集贸市场价格情况,2011-03-22,3月第3周,2011-03-16,14.81,元/公斤,2.17,元/公斤,3.67,元/公斤,regex,data/raw/moa_xm_weekly_articles/article_text/2011-03-22_t20110322_1952113.txt,data/raw/moa_xm_weekly_articles/article_html/2011-03-22_t20110322_1952113.html,ok,
https://www.moa.gov.cn/gk/jcyj/xm/201103/t20110317_1948987.htm,3月份第2周畜产品和饲料集贸市场价格情况,2011-03-17,3月第2周,2011-03-09,14.74,元/公斤,2.16,元/公斤,3.69,元/公斤,regex,data/raw/moa_xm_weekly_articles/article_text/2011-03-17_t20110317_1948987.txt,data/raw/moa_xm_weekly_articles/article_html/2011-03-17_t20110317_1948987.html,ok,
https://www.moa.gov.cn/gk/jcyj/xm/201103/t20110302_1835163.htm,2月份第4周畜产品和饲料集贸市场价格情况,2011-03-02,2月第4周,2011-02-23,14.55,元/公斤,2.14,元/公斤,3.71,元/公斤,regex,data/raw/moa_xm_weekly_articles/article_text/2011-03-02_t20110302_1835163.txt,data/raw/moa_xm_weekly_articles/article_html/2011-03-02_t20110302_1835163.html,ok,
https://www.moa.gov.cn/gk/jcyj/xm/201102/t20110221_1822511.htm,2月份第3周畜产品和饲料集贸市场价格情况,2011-02-21,2月第3周,2011-02-16,14.38,元/公斤,2.13,元/公斤,3.71,元/公斤,regex,data/raw/moa_xm_weekly_articles/article_text/2011-02-21_t20110221_1822511.txt,data/raw/moa_xm_weekly_articles/article_html/2011-02-21_t20110221_1822511.html,ok,
https://www.moa.gov.cn/gk/jcyj/xm/201102/t20110214_1818808.htm,2月份第2周畜产品和饲料集贸市场价格情况,2011-02-14,2月第2周,2011-02-09,14.27,元/公斤,2.12,元/公斤,3.7,元/公斤,regex,data/raw/moa_xm_weekly_articles/article_text/2011-02-14_t20110214_1818808.txt,data/raw/moa_xm_weekly_articles/article_html/2011-02-14_t20110214_1818808.html,ok,
https://www.moa.gov.cn/gk/jcyj/xm/201101/t20110128_1814789.htm,1月份第3周畜产品和饲料集贸市场价格情况,2011-01-28,1月第3周,2011-01-19,13.93,元/公斤,2.11,元/公斤,3.68,元/公斤,regex,data/raw/moa_xm_weekly_articles/article_text/2011-01-28_t20110128_1814789.txt,data/raw/moa_xm_weekly_articles/article_html/2011-01-28_t20110128_1814789.html,ok,
https://www.moa.gov.cn/gk/jcyj/xm/201101/t20110121_1811220.htm,1月份第2周畜产品和饲料集贸市场价格情况,2011-01-21,1月第2周,2011-01-12,13.8,元/公斤,2.11,元/公斤,3.67,元/公斤,regex,data/raw/moa_xm_weekly_articles/article_text/2011-01-21_t20110121_1811220.txt,data/raw/moa_xm_weekly_articles/article_html/2011-01-21_t20110121_1811220.html,ok,
https://www.moa.gov.cn/gk/jcyj/xm/201101/t20110114_1807332.htm,1月份第1周畜产品和饲料集贸市场价格情况,2011-01-14,1月第1周,2011-01-05,13.71,元/公斤,2.11,元/公斤,3.66,元/公斤,regex,data/raw/moa_xm_weekly_articles/article_text/2011-01-14_t20110114_1807332.txt,data/raw/moa_xm_weekly_articles/article_html/2011-01-14_t20110114_1807332.html,ok,
